Workbook

Sheet 사용안내
B2: ㈜신정개발 급여관리 (샘플·가상데이터)
B3: 급여 대시보드 웹서비스(GitHub → Vercel)의 데이터 원본입니다. 시트/열 구조는 유지하고 파란색 셀의 값만 수정하세요.
B5: ■ 시트 구성
B6: 1. 요율기준 : 4대보험 요율·국민연금 상하한·소정근로시간(209h)·연장/야간 가산율·식대/차량 비과세한도. 기준값 변경 시 이 시트만 고치면 전체 재계산.
B7: 2. 직원정보 : 직원 마스터. 부양가족수(본인 포함, 파란색)는 갑근세 계산에 반영.
B8: 3. 급여대장 : ★ 직원별 연간(1~12월, 38명×12개월=456행) 급여대장. 상단 필터(▼)에서 성명을 선택하면 그 직원의 1년 지급내역과 합계(2행)가 나옵니다.
B9: 4. 4대보험 : 국민연금·건강·장기요양·고용·산재 — 근로자/회사 부담을 나눠 자동계산. 성명 필터 가능.
B10: 5. 세금 : 근로소득 간이세액 산식으로 갑근세·지방소득세 자동계산. 성명 필터 가능.
B11: 6. 급여명세서 : F4에 직원 NO, F5에 월(月)을 입력하면 해당 월 발송용 명세서가 자동 완성.
B13: ■ 시간급여(통상시급) 계산
B14: · 통상시급 = 기본급 ÷ 월 소정근로시간(209h) → 연장·야간 근로시간(파란색)만 입력하면 수당이 자동 산출됩니다.
B15: · 연장근로수당 = 통상시급 × 1.5 × 연장시간 / 야간근로수당 = 통상시급 × 0.5 × 야간시간(가산분)
... B27: · 급여 금액은 직급별 예시값입니다. 실제 값으로 교체하세요. 주민번호·연락처 등 개인정보는 공개 저장소 노출에 주의하세요.

Sheet 요율기준
A1: 급여 계산 기준값 (2026년 귀속)
A3: 항목 | B3: 값 | C3: 비고 / 출처
A4: 국민연금 요율(근로자부담) | B4: 0.045 | C4: 기준소득월액×4.5% (회사 4.5% 별도) — 국민연금공단
A5: 국민연금 기준소득월액 상한 | B5: 6370000 | C5: 2025.7~2026.6 적용. 매년 7월 변경 — 국민연금공단
A6: 국민연금 기준소득월액 하한 | B6: 400000 | C6: 2025.7~2026.6 적용 — 국민연금공단
A7: 건강보험 요율(근로자부담) | B7: 0.03545 | C7: 보수월액×3.545% (회사 동일) — 2025년 요율
A8: 장기요양보험 요율 | B8: 0.1295 | C8: 건강보험료×12.95% — 국민건강보험공단
A9: 고용보험 요율(근로자부담) | B9: 0.009 | C9: 실업급여분 0.9% — 고용노동부
A10: 고용보험 요율(회사부담) | B10: 0.0115 | C10: 실업급여 0.9%+고용안정·능력개발 0.25%(150인 미만)
A11: 산재보험 요율(회사 전액) | B11: 0.0147 | C11: 예시값. 사업장별 상이 — 근로복지공단 통지요율로 수정
A12: 지방소득세율 | B12: 0.1 | C12: 소득세의 10% — 지방세법
A13: 인적공제(1인당·연간) | B13: 1500000 | C13: 소득세법 기본공제 150만원
A14: 월 소정근로시간 | B14: 209 | C14: 주40시간제 기준 통상임금 산정 시간(주휴 포함)
A15: 연장근로 가산율 | B15: 1.5 | C15: 근로기준법 통상임금 50% 가산
... A18: 차량유지비 비과세 한도(월) | B18: 200000 | C18: 자가운전보조금 월 20만원 비과세

Sheet 직원정보
A1: ㈜신정개발 직원 마스터
A2: ※ 부양가족수(본인 포함, 파란색)는 갑근세 계산에 사용됩니다. 입·퇴사 시 이 시트를 먼저 수정하세요.
A4: NO | B4: 사번 | C4: 성명 | D4: 부서 | E4: 직급 | F4: 주민번호(마스킹) | G4: 연락처 | H4: 입사일 | I4: 부양가족수 (본인포함) | J4: 재직상태 | K4: 비고
A5: 1 | B5: S0001 | C5: 가온누리 | D5: 대표이사실 | E5: 대표이사 | F5: 900101-1****** | G5: 010-0000-1001 | H5: 40239 | I5: 1 | J5: 재직
A6: 2 | B6: S0002 | C6: 나래솔 | D6: 대표이사실 | E6: 이사 | F6: 880202-2****** | G6: 010-0000-1002 | H6: 40673 | I6: 1 | J6: 재직
A7: 3 | B7: S0003 | C7: 다올찬 | D7: 경영지원팀 | E7: 이사 | F7: 850303-1****** | G7: 010-0000-1003 | H7: 40923 | I7: 1 | J7: 재직 | K7: 자격수당 대상
A8: 4 | B8: S0004 | C8: 라온제 | D8: 경영지원팀 | E8: 과장 | F8: 900404-2****** | G8: 010-0000-1004 | H8: 42461 | I8: 1 | J8: 재직
A9: 5 | B9: S0005 | C9: 마루한 | D9: C&M 1팀 | E9: 부장 | F9: 830505-1****** | G9: 010-0000-1005 | H9: 41475 | I9: 1 | J9: 재직 | K9: 자격수당 대상
A10: 6 | B10: S0006 | C10: 바다별 | D10: C&S 1팀 | E10: 부장 | F10: 840606-1****** | G10: 010-0000-1006 | H10: 41681 | I10: 1 | J10: 재직 | K10: 자격수당 대상
A11: 7 | B11: S0007 | C11: 사랑비 | D11: C&S 2팀 | E11: 차장 | F11: 870707-1****** | G11: 010-0000-1007 | H11: 42248 | I11: 1 | J11: 재직
A12: 8 | B12: S0008 | C12: 아름찬 | D12: SAP팀 | E12: 차장 | F12: 860808-1****** | G12: 010-0000-1008 | H12: 42432 | I12: 1 | J12: 재직
A13: 9 | B13: S0009 | C13: 자유롬 | D13: C&M 1팀 | E13: 과장 | F13: 890909-1****** | G13: 010-0000-1009 | H13: 42891 | I13: 1 | J13: 재직 | K13: 자격수당 대상
A14: 10 | B14: S0010 | C14: 차분해 | D14: SAP팀 | E14: 과장 | F14: 911010-1****** | G14: 010-0000-1010 | H14: 43353 | I14: 1 | J14: 재직
A15: 11 | B15: S0011 | C15: 카랑찬 | D15: C&S 1팀 | E15: 대리 | F15: 921111-1****** | G15: 010-0000-1011 | H15: 43790 | I15: 1 | J15: 재직
A16: 12 | B16: S0012 | C16: 타래솔 | D16: C&R팀 | E16: 반장 | F16: 811212-1****** | G16: 010-0000-1012 | H16: 43838 | I16: 1 | J16: 재직 | K16: 자격수당 대상
A17: 13 | B17: S0013 | C17: 파도한 | D17: C&S 2팀 | E17: 사원 | F17: 930113-1****** | G17: 010-0000-1013 | H17: 44268 | I17: 1 | J17: 재직
A18: 14 | B18: S0014 | C18: 하나로 | D18: 안전/공무 | E18: 사원 | F18: 940214-1****** | G18: 010-0000-1014 | H18: 44792 | I18: 1 | J18: 재직
A19: 15 | B19: S0015 | C19: 한결이 | D19: 공사사업부 | E19: 기사 | F19: 900315-1****** | G19: 010-0000-1015 | H19: 42144 | I19: 1 | J19: 재직 | K19: 자격수당 대상
A20: 16 | B20: S0016 | C20: 슬기론 | D20: 공사사업부 | E20: 기사 | F20: 950416-2****** | G20: 010-0000-1016 | H20: 45035 | I20: 1 | J20: 재직 | K20: 자격수당 대상
A21: 17 | B21: S0017 | C21: 빛나라 | D21: 기업부설연구소 | E21: 연구원 | F21: 960517-2****** | G21: 010-0000-1017 | H21: 45332 | I21: 1 | J21: 재직
A22: 18 | B22: S0018 | C22: 온새미 | D22: 현장지원 | E22: 사원 | F22: 970618-1****** | G22: 010-0000-1018 | H22: 45670 | I22: 1 | J22: 재직

Sheet 급여대장
A1: ㈜신정개발 급여대장 (2026년 연간) — 성명 필터 시 해당 직원 1년치 표시
A2: ▼ 상단 필터에서 성명 선택 → 합계 자동반영 → | G2: =SUBTOTAL(109,G5:G220) -> 807600000 | H2: =SUBTOTAL(109,H5:H220) -> 3864096 | I2: =SUBTOTAL(109,I5:I220) -> 3204 | J2: =SUBTOTAL(109,J5:J220) -> 858 | K2: =SUBTOTAL(109,K5:K220) -> 50040000 | L2: =SUBTOTAL(109,L5:L220) -> 78737661 | M2: =SUBTOTAL(109,M5:M220) -> 6967476 | N2: =SUBTOTAL(109,N5:N220) -> 26400000 | ... AE2: =SUBTOTAL(109,AE5:AE220) -> 931245747
A3: 직원 정보 | G3: 지 급 내 역 | T3: 합계 / 과세 | W3: 공 제 내 역 | AE3: 실지급액
A4: 귀속월 | B4: NO | C4: 사번 | D4: 성명 | E4: 부서 | F4: 직급 | G4: 기본급 | H4: 통상시급 | I4: 연장 시간 | J4: 야간 시간 | K4: 약정근로 수당 | L4: 연장근로 수당 | M4: 야간근로 수당 | N4: 직책수당 | O4: 출근수당 | P4: 자격수당 | Q4: 통신비 (비과세) | R4: 식대 (비과세) | S4: 차량유지비 (비과세) | T4: 지급합계 | U4: 비과세 합계 | V4: 과세급여 | W4: 국민연금 | X4: 건강보험 | Y4: 장기요양 | Z4: 고용보험 | AA4: 소득세 | AB4: 지방 소득세 | AC4: 기타공제 | AD4: 공제합계 | AE4: 실지급액
A5: 46023 | B5: 1 | C5: =직원정보!B5 -> S0001 | D5: =직원정보!C5 -> 가온누리 | E5: =직원정보!D5 -> 대표이사실 | F5: =직원정보!E5 -> 대표이사 | G5: 6500000 | H5: =ROUND(G5/요율기준!$B$14,0) -> 31100 | I5: 0 | J5: 0 | K5: 0 | L5: =ROUND(H5*요율기준!$B$15*I5,0) -> 0 | M5: =ROUND(H5*요율기준!$B$16*J5,0) -> 0 | N5: 500000 | O5: 100000 | P5: 0 | Q5: 100000 | R5: 200000 | S5: 200000 | T5: =G5+K5+L5+M5+N5+O5+P5+Q5+R5+S5 -> 7600000 | U5: =Q5+MIN(R5,요율기준!$B$17)+MIN(S5,요율기준!$B$18) -> 500000 | V5: =T5-U5 -> 7100000 | W5: ='4대보험'!F5 -> 286650 | X5: ='4대보험'!H5 -> 251690 | Y5: ='4대보험'!J5 -> 32590 | Z5: ='4대보험'!L5 -> 63900 | AA5: =세금!P5 -> 673170 | AB5: =세금!Q5 -> 67310 | AC5: 0 | AD5: =SUM(W5:AC5) -> 1375310 | AE5: =T5-AD5 -> 6224690
A6: 46054 | B6: 1 | C6: =직원정보!B5 -> S0001 | D6: =직원정보!C5 -> 가온누리 | E6: =직원정보!D5 -> 대표이사실 | F6: =직원정보!E5 -> 대표이사 | G6: 6500000 | H6: =ROUND(G6/요율기준!$B$14,0) -> 31100 | I6: 4 | J6: 0 | K6: 0 | L6: =ROUND(H6*요율기준!$B$15*I6,0) -> 186600 | M6: =ROUND(H6*요율기준!$B$16*J6,0) -> 0 | N6: 500000 | O6: 100000 | P6: 0 | Q6: 100000 | R6: 200000 | S6: 200000 | T6: =G6+K6+L6+M6+N6+O6+P6+Q6+R6+S6 -> 7786600 | U6: =Q6+MIN(R6,요율기준!$B$17)+MIN(S6,요율기준!$B$18) -> 500000 | V6: =T6-U6 -> 7286600 | W6: ='4대보험'!F6 -> 286650 | X6: ='4대보험'!H6 -> 258300 | Y6: ='4대보험'!J6 -> 33440 | Z6: ='4대보험'!L6 -> 65570 | AA6: =세금!P6 -> 713930 | AB6: =세금!Q6 -> 71390 | AC6: 0 | AD6: =SUM(W6:AC6) -> 1429280 | AE6: =T6-AD6 -> 6357320
A7: 46082 | B7: 1 | C7: =직원정보!B5 -> S0001 | D7: =직원정보!C5 -> 가온누리 | E7: =직원정보!D5 -> 대표이사실 | F7: =직원정보!E5 -> 대표이사 | G7: 6500000 | H7: =ROUND(G7/요율기준!$B$14,0) -> 31100 | I7: 0 | J7: 0 | K7: 0 | L7: =ROUND(H7*요율기준!$B$15*I7,0) -> 0 | M7: =ROUND(H7*요율기준!$B$16*J7,0) -> 0 | N7: 500000 | O7: 100000 | P7: 0 | Q7: 100000 | R7: 200000 | S7: 200000 | T7: =G7+K7+L7+M7+N7+O7+P7+Q7+R7+S7 -> 7600000 | U7: =Q7+MIN(R7,요율기준!$B$17)+MIN(S7,요율기준!$B$18) -> 500000 | V7: =T7-U7 -> 7100000 | W7: ='4대보험'!F7 -> 286650 | X7: ='4대보험'!H7 -> 251690 | Y7: ='4대보험'!J7 -> 32590 | Z7: ='4대보험'!L7 -> 63900 | AA7: =세금!P7 -> 673170 | AB7: =세금!Q7 -> 67310 | AC7: 0 | AD7: =SUM(W7:AC7) -> 1375310 | AE7: =T7-AD7 -> 6224690
A8: 46113 | B8: 1 | C8: =직원정보!B5 -> S0001 | D8: =직원정보!C5 -> 가온누리 | E8: =직원정보!D5 -> 대표이사실 | F8: =직원정보!E5 -> 대표이사 | G8: 6500000 | H8: =ROUND(G8/요율기준!$B$14,0) -> 31100 | I8: 4 | J8: 0 | K8: 0 | L8: =ROUND(H8*요율기준!$B$15*I8,0) -> 186600 | M8: =ROUND(H8*요율기준!$B$16*J8,0) -> 0 | N8: 500000 | O8: 100000 | P8: 0 | Q8: 100000 | R8: 200000 | S8: 200000 | T8: =G8+K8+L8+M8+N8+O8+P8+Q8+R8+S8 -> 7786600 | U8: =Q8+MIN(R8,요율기준!$B$17)+MIN(S8,요율기준!$B$18) -> 500000 | V8: =T8-U8 -> 7286600 | W8: ='4대보험'!F8 -> 286650 | X8: ='4대보험'!H8 -> 258300 | Y8: ='4대보험'!J8 -> 33440 | Z8: ='4대보험'!L8 -> 65570 | AA8: =세금!P8 -> 713930 | AB8: =세금!Q8 -> 71390 | AC8: 0 | AD8: =SUM(W8:AC8) -> 1429280 | AE8: =T8-AD8 -> 6357320
A9: 46143 | B9: 1 | C9: =직원정보!B5 -> S0001 | D9: =직원정보!C5 -> 가온누리 | E9: =직원정보!D5 -> 대표이사실 | F9: =직원정보!E5 -> 대표이사 | G9: 6500000 | H9: =ROUND(G9/요율기준!$B$14,0) -> 31100 | I9: 0 | J9: 0 | K9: 0 | L9: =ROUND(H9*요율기준!$B$15*I9,0) -> 0 | M9: =ROUND(H9*요율기준!$B$16*J9,0) -> 0 | N9: 500000 | O9: 100000 | P9: 0 | Q9: 100000 | R9: 200000 | S9: 200000 | T9: =G9+K9+L9+M9+N9+O9+P9+Q9+R9+S9 -> 7600000 | U9: =Q9+MIN(R9,요율기준!$B$17)+MIN(S9,요율기준!$B$18) -> 500000 | V9: =T9-U9 -> 7100000 | W9: ='4대보험'!F9 -> 286650 | X9: ='4대보험'!H9 -> 251690 | Y9: ='4대보험'!J9 -> 32590 | Z9: ='4대보험'!L9 -> 63900 | AA9: =세금!P9 -> 673170 | AB9: =세금!Q9 -> 67310 | AC9: 0 | AD9: =SUM(W9:AC9) -> 1375310 | AE9: =T9-AD9 -> 6224690
A10: 46174 | B10: 1 | C10: =직원정보!B5 -> S0001 | D10: =직원정보!C5 -> 가온누리 | E10: =직원정보!D5 -> 대표이사실 | F10: =직원정보!E5 -> 대표이사 | G10: 6500000 | H10: =ROUND(G10/요율기준!$B$14,0) -> 31100 | I10: 4 | J10: 0 | K10: 0 | L10: =ROUND(H10*요율기준!$B$15*I10,0) -> 186600 | M10: =ROUND(H10*요율기준!$B$16*J10,0) -> 0 | N10: 500000 | O10: 100000 | P10: 0 | Q10: 100000 | R10: 200000 | S10: 200000 | T10: =G10+K10+L10+M10+N10+O10+P10+Q10+R10+S10 -> 7786600 | U10: =Q10+MIN(R10,요율기준!$B$17)+MIN(S10,요율기준!$B$18) -> 500000 | V10: =T10-U10 -> 7286600 | W10: ='4대보험'!F10 -> 286650 | X10: ='4대보험'!H10 -> 258300 | Y10: ='4대보험'!J10 -> 33440 | Z10: ='4대보험'!L10 -> 65570 | AA10: =세금!P10 -> 713930 | AB10: =세금!Q10 -> 71390 | AC10: 0 | AD10: =SUM(W10:AC10) -> 1429280 | AE10: =T10-AD10 -> 6357320
A11: 46204 | B11: 1 | C11: =직원정보!B5 -> S0001 | D11: =직원정보!C5 -> 가온누리 | E11: =직원정보!D5 -> 대표이사실 | F11: =직원정보!E5 -> 대표이사 | G11: 6500000 | H11: =ROUND(G11/요율기준!$B$14,0) -> 31100 | I11: 0 | J11: 0 | K11: 0 | L11: =ROUND(H11*요율기준!$B$15*I11,0) -> 0 | M11: =ROUND(H11*요율기준!$B$16*J11,0) -> 0 | N11: 500000 | O11: 100000 | P11: 0 | Q11: 100000 | R11: 200000 | S11: 200000 | T11: =G11+K11+L11+M11+N11+O11+P11+Q11+R11+S11 -> 7600000 | U11: =Q11+MIN(R11,요율기준!$B$17)+MIN(S11,요율기준!$B$18) -> 500000 | V11: =T11-U11 -> 7100000 | W11: ='4대보험'!F11 -> 286650 | X11: ='4대보험'!H11 -> 251690 | Y11: ='4대보험'!J11 -> 32590 | Z11: ='4대보험'!L11 -> 63900 | AA11: =세금!P11 -> 673170 | AB11: =세금!Q11 -> 67310 | AC11: 0 | AD11: =SUM(W11:AC11) -> 1375310 | AE11: =T11-AD11 -> 6224690
A12: 46235 | B12: 1 | C12: =직원정보!B5 -> S0001 | D12: =직원정보!C5 -> 가온누리 | E12: =직원정보!D5 -> 대표이사실 | F12: =직원정보!E5 -> 대표이사 | G12: 6500000 | H12: =ROUND(G12/요율기준!$B$14,0) -> 31100 | I12: 4 | J12: 0 | K12: 0 | L12: =ROUND(H12*요율기준!$B$15*I12,0) -> 186600 | M12: =ROUND(H12*요율기준!$B$16*J12,0) -> 0 | N12: 500000 | O12: 100000 | P12: 0 | Q12: 100000 | R12: 200000 | S12: 200000 | T12: =G12+K12+L12+M12+N12+O12+P12+Q12+R12+S12 -> 7786600 | U12: =Q12+MIN(R12,요율기준!$B$17)+MIN(S12,요율기준!$B$18) -> 500000 | V12: =T12-U12 -> 7286600 | W12: ='4대보험'!F12 -> 286650 | X12: ='4대보험'!H12 -> 258300 | Y12: ='4대보험'!J12 -> 33440 | Z12: ='4대보험'!L12 -> 65570 | AA12: =세금!P12 -> 713930 | AB12: =세금!Q12 -> 71390 | AC12: 0 | AD12: =SUM(W12:AC12) -> 1429280 | AE12: =T12-AD12 -> 6357320
A13: 46266 | B13: 1 | C13: =직원정보!B5 -> S0001 | D13: =직원정보!C5 -> 가온누리 | E13: =직원정보!D5 -> 대표이사실 | F13: =직원정보!E5 -> 대표이사 | G13: 6500000 | H13: =ROUND(G13/요율기준!$B$14,0) -> 31100 | I13: 0 | J13: 0 | K13: 0 | L13: =ROUND(H13*요율기준!$B$15*I13,0) -> 0 | M13: =ROUND(H13*요율기준!$B$16*J13,0) -> 0 | N13: 500000 | O13: 100000 | P13: 0 | Q13: 100000 | R13: 200000 | S13: 200000 | T13: =G13+K13+L13+M13+N13+O13+P13+Q13+R13+S13 -> 7600000 | U13: =Q13+MIN(R13,요율기준!$B$17)+MIN(S13,요율기준!$B$18) -> 500000 | V13: =T13-U13 -> 7100000 | W13: ='4대보험'!F13 -> 286650 | X13: ='4대보험'!H13 -> 251690 | Y13: ='4대보험'!J13 -> 32590 | Z13: ='4대보험'!L13 -> 63900 | AA13: =세금!P13 -> 673170 | AB13: =세금!Q13 -> 67310 | AC13: 0 | AD13: =SUM(W13:AC13) -> 1375310 | AE13: =T13-AD13 -> 6224690
A14: 46296 | B14: 1 | C14: =직원정보!B5 -> S0001 | D14: =직원정보!C5 -> 가온누리 | E14: =직원정보!D5 -> 대표이사실 | F14: =직원정보!E5 -> 대표이사 | G14: 6500000 | H14: =ROUND(G14/요율기준!$B$14,0) -> 31100 | I14: 4 | J14: 0 | K14: 0 | L14: =ROUND(H14*요율기준!$B$15*I14,0) -> 186600 | M14: =ROUND(H14*요율기준!$B$16*J14,0) -> 0 | N14: 500000 | O14: 100000 | P14: 0 | Q14: 100000 | R14: 200000 | S14: 200000 | T14: =G14+K14+L14+M14+N14+O14+P14+Q14+R14+S14 -> 7786600 | U14: =Q14+MIN(R14,요율기준!$B$17)+MIN(S14,요율기준!$B$18) -> 500000 | V14: =T14-U14 -> 7286600 | W14: ='4대보험'!F14 -> 286650 | X14: ='4대보험'!H14 -> 258300 | Y14: ='4대보험'!J14 -> 33440 | Z14: ='4대보험'!L14 -> 65570 | AA14: =세금!P14 -> 713930 | AB14: =세금!Q14 -> 71390 | AC14: 0 | AD14: =SUM(W14:AC14) -> 1429280 | AE14: =T14-AD14 -> 6357320
A15: 46327 | B15: 1 | C15: =직원정보!B5 -> S0001 | D15: =직원정보!C5 -> 가온누리 | E15: =직원정보!D5 -> 대표이사실 | F15: =직원정보!E5 -> 대표이사 | G15: 6500000 | H15: =ROUND(G15/요율기준!$B$14,0) -> 31100 | I15: 0 | J15: 0 | K15: 0 | L15: =ROUND(H15*요율기준!$B$15*I15,0) -> 0 | M15: =ROUND(H15*요율기준!$B$16*J15,0) -> 0 | N15: 500000 | O15: 100000 | P15: 0 | Q15: 100000 | R15: 200000 | S15: 200000 | T15: =G15+K15+L15+M15+N15+O15+P15+Q15+R15+S15 -> 7600000 | U15: =Q15+MIN(R15,요율기준!$B$17)+MIN(S15,요율기준!$B$18) -> 500000 | V15: =T15-U15 -> 7100000 | W15: ='4대보험'!F15 -> 286650 | X15: ='4대보험'!H15 -> 251690 | Y15: ='4대보험'!J15 -> 32590 | Z15: ='4대보험'!L15 -> 63900 | AA15: =세금!P15 -> 673170 | AB15: =세금!Q15 -> 67310 | AC15: 0 | AD15: =SUM(W15:AC15) -> 1375310 | AE15: =T15-AD15 -> 6224690
A16: 46357 | B16: 1 | C16: =직원정보!B5 -> S0001 | D16: =직원정보!C5 -> 가온누리 | E16: =직원정보!D5 -> 대표이사실 | F16: =직원정보!E5 -> 대표이사 | G16: 6500000 | H16: =ROUND(G16/요율기준!$B$14,0) -> 31100 | I16: 4 | J16: 0 | K16: 0 | L16: =ROUND(H16*요율기준!$B$15*I16,0) -> 186600 | M16: =ROUND(H16*요율기준!$B$16*J16,0) -> 0 | N16: 500000 | O16: 100000 | P16: 0 | Q16: 100000 | R16: 200000 | S16: 200000 | T16: =G16+K16+L16+M16+N16+O16+P16+Q16+R16+S16 -> 7786600 | U16: =Q16+MIN(R16,요율기준!$B$17)+MIN(S16,요율기준!$B$18) -> 500000 | V16: =T16-U16 -> 7286600 | W16: ='4대보험'!F16 -> 286650 | X16: ='4대보험'!H16 -> 258300 | Y16: ='4대보험'!J16 -> 33440 | Z16: ='4대보험'!L16 -> 65570 | AA16: =세금!P16 -> 713930 | AB16: =세금!Q16 -> 71390 | AC16: 0 | AD16: =SUM(W16:AC16) -> 1429280 | AE16: =T16-AD16 -> 6357320
A17: 46023 | B17: 2 | C17: =직원정보!B6 -> S0002 | D17: =직원정보!C6 -> 나래솔 | E17: =직원정보!D6 -> 대표이사실 | F17: =직원정보!E6 -> 이사 | G17: 5200000 | H17: =ROUND(G17/요율기준!$B$14,0) -> 24880 | I17: 4 | J17: 0 | K17: 0 | L17: =ROUND(H17*요율기준!$B$15*I17,0) -> 149280 | M17: =ROUND(H17*요율기준!$B$16*J17,0) -> 0 | N17: 300000 | O17: 100000 | P17: 0 | Q17: 100000 | R17: 200000 | S17: 200000 | T17: =G17+K17+L17+M17+N17+O17+P17+Q17+R17+S17 -> 6249280 | U17: =Q17+MIN(R17,요율기준!$B$17)+MIN(S17,요율기준!$B$18) -> 500000 | V17: =T17-U17 -> 5749280 | W17: ='4대보험'!F17 -> 258710 | X17: ='4대보험'!H17 -> 203810 | Y17: ='4대보험'!J17 -> 26390 | Z17: ='4대보험'!L17 -> 51740 | AA17: =세금!P17 -> 406590 | AB17: =세금!Q17 -> 40650 | AC17: 0 | AD17: =SUM(W17:AC17) -> 987890 | AE17: =T17-AD17 -> 5261390
A18: 46054 | B18: 2 | C18: =직원정보!B6 -> S0002 | D18: =직원정보!C6 -> 나래솔 | E18: =직원정보!D6 -> 대표이사실 | F18: =직원정보!E6 -> 이사 | G18: 5200000 | H18: =ROUND(G18/요율기준!$B$14,0) -> 24880 | I18: 0 | J18: 0 | K18: 0 | L18: =ROUND(H18*요율기준!$B$15*I18,0) -> 0 | M18: =ROUND(H18*요율기준!$B$16*J18,0) -> 0 | N18: 300000 | O18: 100000 | P18: 0 | Q18: 100000 | R18: 200000 | S18: 200000 | T18: =G18+K18+L18+M18+N18+O18+P18+Q18+R18+S18 -> 6100000 | U18: =Q18+MIN(R18,요율기준!$B$17)+MIN(S18,요율기준!$B$18) -> 500000 | V18: =T18-U18 -> 5600000 | W18: ='4대보험'!F18 -> 252000 | X18: ='4대보험'!H18 -> 198520 | Y18: ='4대보험'!J18 -> 25700 | Z18: ='4대보험'!L18 -> 50400 | AA18: =세금!P18 -> 387220 | AB18: =세금!Q18 -> 38720 | AC18: 0 | AD18: =SUM(W18:AC18) -> 952560 | AE18: =T18-AD18 -> 5147440
A19: 46082 | B19: 2 | C19: =직원정보!B6 -> S0002 | D19: =직원정보!C6 -> 나래솔 | E19: =직원정보!D6 -> 대표이사실 | F19: =직원정보!E6 -> 이사 | G19: 5200000 | H19: =ROUND(G19/요율기준!$B$14,0) -> 24880 | I19: 4 | J19: 0 | K19: 0 | L19: =ROUND(H19*요율기준!$B$15*I19,0) -> 149280 | M19: =ROUND(H19*요율기준!$B$16*J19,0) -> 0 | N19: 300000 | O19: 100000 | P19: 0 | Q19: 100000 | R19: 200000 | S19: 200000 | T19: =G19+K19+L19+M19+N19+O19+P19+Q19+R19+S19 -> 6249280 | U19: =Q19+MIN(R19,요율기준!$B$17)+MIN(S19,요율기준!$B$18) -> 500000 | V19: =T19-U19 -> 5749280 | W19: ='4대보험'!F19 -> 258710 | X19: ='4대보험'!H19 -> 203810 | Y19: ='4대보험'!J19 -> 26390 | Z19: ='4대보험'!L19 -> 51740 | AA19: =세금!P19 -> 406590 | AB19: =세금!Q19 -> 40650 | AC19: 0 | AD19: =SUM(W19:AC19) -> 987890 | AE19: =T19-AD19 -> 5261390
A20: 46113 | B20: 2 | C20: =직원정보!B6 -> S0002 | D20: =직원정보!C6 -> 나래솔 | E20: =직원정보!D6 -> 대표이사실 | F20: =직원정보!E6 -> 이사 | G20: 5200000 | H20: =ROUND(G20/요율기준!$B$14,0) -> 24880 | I20: 0 | J20: 0 | K20: 0 | L20: =ROUND(H20*요율기준!$B$15*I20,0) -> 0 | M20: =ROUND(H20*요율기준!$B$16*J20,0) -> 0 | N20: 300000 | O20: 100000 | P20: 0 | Q20: 100000 | R20: 200000 | S20: 200000 | T20: =G20+K20+L20+M20+N20+O20+P20+Q20+R20+S20 -> 6100000 | U20: =Q20+MIN(R20,요율기준!$B$17)+MIN(S20,요율기준!$B$18) -> 500000 | V20: =T20-U20 -> 5600000 | W20: ='4대보험'!F20 -> 252000 | X20: ='4대보험'!H20 -> 198520 | Y20: ='4대보험'!J20 -> 25700 | Z20: ='4대보험'!L20 -> 50400 | AA20: =세금!P20 -> 387220 | AB20: =세금!Q20 -> 38720 | AC20: 0 | AD20: =SUM(W20:AC20) -> 952560 | AE20: =T20-AD20 -> 5147440
A21: 46143 | B21: 2 | C21: =직원정보!B6 -> S0002 | D21: =직원정보!C6 -> 나래솔 | E21: =직원정보!D6 -> 대표이사실 | F21: =직원정보!E6 -> 이사 | G21: 5200000 | H21: =ROUND(G21/요율기준!$B$14,0) -> 24880 | I21: 4 | J21: 0 | K21: 0 | L21: =ROUND(H21*요율기준!$B$15*I21,0) -> 149280 | M21: =ROUND(H21*요율기준!$B$16*J21,0) -> 0 | N21: 300000 | O21: 100000 | P21: 0 | Q21: 100000 | R21: 200000 | S21: 200000 | T21: =G21+K21+L21+M21+N21+O21+P21+Q21+R21+S21 -> 6249280 | U21: =Q21+MIN(R21,요율기준!$B$17)+MIN(S21,요율기준!$B$18) -> 500000 | V21: =T21-U21 -> 5749280 | W21: ='4대보험'!F21 -> 258710 | X21: ='4대보험'!H21 -> 203810 | Y21: ='4대보험'!J21 -> 26390 | Z21: ='4대보험'!L21 -> 51740 | AA21: =세금!P21 -> 406590 | AB21: =세금!Q21 -> 40650 | AC21: 0 | AD21: =SUM(W21:AC21) -> 987890 | AE21: =T21-AD21 -> 5261390
A22: 46174 | B22: 2 | C22: =직원정보!B6 -> S0002 | D22: =직원정보!C6 -> 나래솔 | E22: =직원정보!D6 -> 대표이사실 | F22: =직원정보!E6 -> 이사 | G22: 5200000 | H22: =ROUND(G22/요율기준!$B$14,0) -> 24880 | I22: 0 | J22: 0 | K22: 0 | L22: =ROUND(H22*요율기준!$B$15*I22,0) -> 0 | M22: =ROUND(H22*요율기준!$B$16*J22,0) -> 0 | N22: 300000 | O22: 100000 | P22: 0 | Q22: 100000 | R22: 200000 | S22: 200000 | T22: =G22+K22+L22+M22+N22+O22+P22+Q22+R22+S22 -> 6100000 | U22: =Q22+MIN(R22,요율기준!$B$17)+MIN(S22,요율기준!$B$18) -> 500000 | V22: =T22-U22 -> 5600000 | W22: ='4대보험'!F22 -> 252000 | X22: ='4대보험'!H22 -> 198520 | Y22: ='4대보험'!J22 -> 25700 | Z22: ='4대보험'!L22 -> 50400 | AA22: =세금!P22 -> 387220 | AB22: =세금!Q22 -> 38720 | AC22: 0 | AD22: =SUM(W22:AC22) -> 952560 | AE22: =T22-AD22 -> 5147440
A23: 46204 | B23: 2 | C23: =직원정보!B6 -> S0002 | D23: =직원정보!C6 -> 나래솔 | E23: =직원정보!D6 -> 대표이사실 | F23: =직원정보!E6 -> 이사 | G23: 5200000 | H23: =ROUND(G23/요율기준!$B$14,0) -> 24880 | I23: 4 | J23: 0 | K23: 0 | L23: =ROUND(H23*요율기준!$B$15*I23,0) -> 149280 | M23: =ROUND(H23*요율기준!$B$16*J23,0) -> 0 | N23: 300000 | O23: 100000 | P23: 0 | Q23: 100000 | R23: 200000 | S23: 200000 | T23: =G23+K23+L23+M23+N23+O23+P23+Q23+R23+S23 -> 6249280 | U23: =Q23+MIN(R23,요율기준!$B$17)+MIN(S23,요율기준!$B$18) -> 500000 | V23: =T23-U23 -> 5749280 | W23: ='4대보험'!F23 -> 258710 | X23: ='4대보험'!H23 -> 203810 | Y23: ='4대보험'!J23 -> 26390 | Z23: ='4대보험'!L23 -> 51740 | AA23: =세금!P23 -> 406590 | AB23: =세금!Q23 -> 40650 | AC23: 0 | AD23: =SUM(W23:AC23) -> 987890 | AE23: =T23-AD23 -> 5261390
A24: 46235 | B24: 2 | C24: =직원정보!B6 -> S0002 | D24: =직원정보!C6 -> 나래솔 | E24: =직원정보!D6 -> 대표이사실 | F24: =직원정보!E6 -> 이사 | G24: 5200000 | H24: =ROUND(G24/요율기준!$B$14,0) -> 24880 | I24: 0 | J24: 0 | K24: 0 | L24: =ROUND(H24*요율기준!$B$15*I24,0) -> 0 | M24: =ROUND(H24*요율기준!$B$16*J24,0) -> 0 | N24: 300000 | O24: 100000 | P24: 0 | Q24: 100000 | R24: 200000 | S24: 200000 | T24: =G24+K24+L24+M24+N24+O24+P24+Q24+R24+S24 -> 6100000 | U24: =Q24+MIN(R24,요율기준!$B$17)+MIN(S24,요율기준!$B$18) -> 500000 | V24: =T24-U24 -> 5600000 | W24: ='4대보험'!F24 -> 252000 | X24: ='4대보험'!H24 -> 198520 | Y24: ='4대보험'!J24 -> 25700 | Z24: ='4대보험'!L24 -> 50400 | AA24: =세금!P24 -> 387220 | AB24: =세금!Q24 -> 38720 | AC24: 0 | AD24: =SUM(W24:AC24) -> 952560 | AE24: =T24-AD24 -> 5147440
A25: 46266 | B25: 2 | C25: =직원정보!B6 -> S0002 | D25: =직원정보!C6 -> 나래솔 | E25: =직원정보!D6 -> 대표이사실 | F25: =직원정보!E6 -> 이사 | G25: 5200000 | H25: =ROUND(G25/요율기준!$B$14,0) -> 24880 | I25: 4 | J25: 0 | K25: 0 | L25: =ROUND(H25*요율기준!$B$15*I25,0) -> 149280 | M25: =ROUND(H25*요율기준!$B$16*J25,0) -> 0 | N25: 300000 | O25: 100000 | P25: 0 | Q25: 100000 | R25: 200000 | S25: 200000 | T25: =G25+K25+L25+M25+N25+O25+P25+Q25+R25+S25 -> 6249280 | U25: =Q25+MIN(R25,요율기준!$B$17)+MIN(S25,요율기준!$B$18) -> 500000 | V25: =T25-U25 -> 5749280 | W25: ='4대보험'!F25 -> 258710 | X25: ='4대보험'!H25 -> 203810 | Y25: ='4대보험'!J25 -> 26390 | Z25: ='4대보험'!L25 -> 51740 | AA25: =세금!P25 -> 406590 | AB25: =세금!Q25 -> 40650 | AC25: 0 | AD25: =SUM(W25:AC25) -> 987890 | AE25: =T25-AD25 -> 5261390
A26: 46296 | B26: 2 | C26: =직원정보!B6 -> S0002 | D26: =직원정보!C6 -> 나래솔 | E26: =직원정보!D6 -> 대표이사실 | F26: =직원정보!E6 -> 이사 | G26: 5200000 | H26: =ROUND(G26/요율기준!$B$14,0) -> 24880 | I26: 0 | J26: 0 | K26: 0 | L26: =ROUND(H26*요율기준!$B$15*I26,0) -> 0 | M26: =ROUND(H26*요율기준!$B$16*J26,0) -> 0 | N26: 300000 | O26: 100000 | P26: 0 | Q26: 100000 | R26: 200000 | S26: 200000 | T26: =G26+K26+L26+M26+N26+O26+P26+Q26+R26+S26 -> 6100000 | U26: =Q26+MIN(R26,요율기준!$B$17)+MIN(S26,요율기준!$B$18) -> 500000 | V26: =T26-U26 -> 5600000 | W26: ='4대보험'!F26 -> 252000 | X26: ='4대보험'!H26 -> 198520 | Y26: ='4대보험'!J26 -> 25700 | Z26: ='4대보험'!L26 -> 50400 | AA26: =세금!P26 -> 387220 | AB26: =세금!Q26 -> 38720 | AC26: 0 | AD26: =SUM(W26:AC26) -> 952560 | AE26: =T26-AD26 -> 5147440
A27: 46327 | B27: 2 | C27: =직원정보!B6 -> S0002 | D27: =직원정보!C6 -> 나래솔 | E27: =직원정보!D6 -> 대표이사실 | F27: =직원정보!E6 -> 이사 | G27: 5200000 | H27: =ROUND(G27/요율기준!$B$14,0) -> 24880 | I27: 4 | J27: 0 | K27: 0 | L27: =ROUND(H27*요율기준!$B$15*I27,0) -> 149280 | M27: =ROUND(H27*요율기준!$B$16*J27,0) -> 0 | N27: 300000 | O27: 100000 | P27: 0 | Q27: 100000 | R27: 200000 | S27: 200000 | T27: =G27+K27+L27+M27+N27+O27+P27+Q27+R27+S27 -> 6249280 | U27: =Q27+MIN(R27,요율기준!$B$17)+MIN(S27,요율기준!$B$18) -> 500000 | V27: =T27-U27 -> 5749280 | W27: ='4대보험'!F27 -> 258710 | X27: ='4대보험'!H27 -> 203810 | Y27: ='4대보험'!J27 -> 26390 | Z27: ='4대보험'!L27 -> 51740 | AA27: =세금!P27 -> 406590 | AB27: =세금!Q27 -> 40650 | AC27: 0 | AD27: =SUM(W27:AC27) -> 987890 | AE27: =T27-AD27 -> 5261390
A28: 46357 | B28: 2 | C28: =직원정보!B6 -> S0002 | D28: =직원정보!C6 -> 나래솔 | E28: =직원정보!D6 -> 대표이사실 | F28: =직원정보!E6 -> 이사 | G28: 5200000 | H28: =ROUND(G28/요율기준!$B$14,0) -> 24880 | I28: 0 | J28: 0 | K28: 0 | L28: =ROUND(H28*요율기준!$B$15*I28,0) -> 0 | M28: =ROUND(H28*요율기준!$B$16*J28,0) -> 0 | N28: 300000 | O28: 100000 | P28: 0 | Q28: 100000 | R28: 200000 | S28: 200000 | T28: =G28+K28+L28+M28+N28+O28+P28+Q28+R28+S28 -> 6100000 | U28: =Q28+MIN(R28,요율기준!$B$17)+MIN(S28,요율기준!$B$18) -> 500000 | V28: =T28-U28 -> 5600000 | W28: ='4대보험'!F28 -> 252000 | X28: ='4대보험'!H28 -> 198520 | Y28: ='4대보험'!J28 -> 25700 | Z28: ='4대보험'!L28 -> 50400 | AA28: =세금!P28 -> 387220 | AB28: =세금!Q28 -> 38720 | AC28: 0 | AD28: =SUM(W28:AC28) -> 952560 | AE28: =T28-AD28 -> 5147440
A29: 46023 | B29: 3 | C29: =직원정보!B7 -> S0003 | D29: =직원정보!C7 -> 다올찬 | E29: =직원정보!D7 -> 경영지원팀 | F29: =직원정보!E7 -> 이사 | G29: 5200000 | H29: =ROUND(G29/요율기준!$B$14,0) -> 24880 | I29: 0 | J29: 0 | K29: 0 | L29: =ROUND(H29*요율기준!$B$15*I29,0) -> 0 | M29: =ROUND(H29*요율기준!$B$16*J29,0) -> 0 | N29: 300000 | O29: 100000 | P29: 100000 | Q29: 100000 | R29: 200000 | S29: 200000 | T29: =G29+K29+L29+M29+N29+O29+P29+Q29+R29+S29 -> 6200000 | U29: =Q29+MIN(R29,요율기준!$B$17)+MIN(S29,요율기준!$B$18) -> 500000 | V29: =T29-U29 -> 5700000 | W29: ='4대보험'!F29 -> 256500 | X29: ='4대보험'!H29 -> 202060 | Y29: ='4대보험'!J29 -> 26160 | Z29: ='4대보험'!L29 -> 51300 | AA29: =세금!P29 -> 400200 | AB29: =세금!Q29 -> 40020 | AC29: 0 | AD29: =SUM(W29:AC29) -> 976240 | AE29: =T29-AD29 -> 5223760
A30: 46054 | B30: 3 | C30: =직원정보!B7 -> S0003 | D30: =직원정보!C7 -> 다올찬 | E30: =직원정보!D7 -> 경영지원팀 | F30: =직원정보!E7 -> 이사 | G30: 5200000 | H30: =ROUND(G30/요율기준!$B$14,0) -> 24880 | I30: 4 | J30: 0 | K30: 0 | L30: =ROUND(H30*요율기준!$B$15*I30,0) -> 149280 | M30: =ROUND(H30*요율기준!$B$16*J30,0) -> 0 | N30: 300000 | O30: 100000 | P30: 100000 | Q30: 100000 | R30: 200000 | S30: 200000 | T30: =G30+K30+L30+M30+N30+O30+P30+Q30+R30+S30 -> 6349280 | U30: =Q30+MIN(R30,요율기준!$B$17)+MIN(S30,요율기준!$B$18) -> 500000 | V30: =T30-U30 -> 5849280 | W30: ='4대보험'!F30 -> 263210 | X30: ='4대보험'!H30 -> 207350 | Y30: ='4대보험'!J30 -> 26850 | Z30: ='4대보험'!L30 -> 52640 | AA30: =세금!P30 -> 427540 | AB30: =세금!Q30 -> 42750 | AC30: 0 | AD30: =SUM(W30:AC30) -> 1020340 | AE30: =T30-AD30 -> 5328940
A31: 46082 | B31: 3 | C31: =직원정보!B7 -> S0003 | D31: =직원정보!C7 -> 다올찬 | E31: =직원정보!D7 -> 경영지원팀 | F31: =직원정보!E7 -> 이사 | G31: 5200000 | H31: =ROUND(G31/요율기준!$B$14,0) -> 24880 | I31: 0 | J31: 0 | K31: 0 | L31: =ROUND(H31*요율기준!$B$15*I31,0) -> 0 | M31: =ROUND(H31*요율기준!$B$16*J31,0) -> 0 | N31: 300000 | O31: 100000 | P31: 100000 | Q31: 100000 | R31: 200000 | S31: 200000 | T31: =G31+K31+L31+M31+N31+O31+P31+Q31+R31+S31 -> 6200000 | U31: =Q31+MIN(R31,요율기준!$B$17)+MIN(S31,요율기준!$B$18) -> 500000 | V31: =T31-U31 -> 5700000 | W31: ='4대보험'!F31 -> 256500 | X31: ='4대보험'!H31 -> 202060 | Y31: ='4대보험'!J31 -> 26160 | Z31: ='4대보험'!L31 -> 51300 | AA31: =세금!P31 -> 400200 | AB31: =세금!Q31 -> 40020 | AC31: 0 | AD31: =SUM(W31:AC31) -> 976240 | AE31: =T31-AD31 -> 5223760
A32: 46113 | B32: 3 | C32: =직원정보!B7 -> S0003 | D32: =직원정보!C7 -> 다올찬 | E32: =직원정보!D7 -> 경영지원팀 | F32: =직원정보!E7 -> 이사 | G32: 5200000 | H32: =ROUND(G32/요율기준!$B$14,0) -> 24880 | I32: 4 | J32: 0 | K32: 0 | L32: =ROUND(H32*요율기준!$B$15*I32,0) -> 149280 | M32: =ROUND(H32*요율기준!$B$16*J32,0) -> 0 | N32: 300000 | O32: 100000 | P32: 100000 | Q32: 100000 | R32: 200000 | S32: 200000 | T32: =G32+K32+L32+M32+N32+O32+P32+Q32+R32+S32 -> 6349280 | U32: =Q32+MIN(R32,요율기준!$B$17)+MIN(S32,요율기준!$B$18) -> 500000 | V32: =T32-U32 -> 5849280 | W32: ='4대보험'!F32 -> 263210 | X32: ='4대보험'!H32 -> 207350 | Y32: ='4대보험'!J32 -> 26850 | Z32: ='4대보험'!L32 -> 52640 | AA32: =세금!P32 -> 427540 | AB32: =세금!Q32 -> 42750 | AC32: 0 | AD32: =SUM(W32:AC32) -> 1020340 | AE32: =T32-AD32 -> 5328940
A33: 46143 | B33: 3 | C33: =직원정보!B7 -> S0003 | D33: =직원정보!C7 -> 다올찬 | E33: =직원정보!D7 -> 경영지원팀 | F33: =직원정보!E7 -> 이사 | G33: 5200000 | H33: =ROUND(G33/요율기준!$B$14,0) -> 24880 | I33: 0 | J33: 0 | K33: 0 | L33: =ROUND(H33*요율기준!$B$15*I33,0) -> 0 | M33: =ROUND(H33*요율기준!$B$16*J33,0) -> 0 | N33: 300000 | O33: 100000 | P33: 100000 | Q33: 100000 | R33: 200000 | S33: 200000 | T33: =G33+K33+L33+M33+N33+O33+P33+Q33+R33+S33 -> 6200000 | U33: =Q33+MIN(R33,요율기준!$B$17)+MIN(S33,요율기준!$B$18) -> 500000 | V33: =T33-U33 -> 5700000 | W33: ='4대보험'!F33 -> 256500 | X33: ='4대보험'!H33 -> 202060 | Y33: ='4대보험'!J33 -> 26160 | Z33: ='4대보험'!L33 -> 51300 | AA33: =세금!P33 -> 400200 | AB33: =세금!Q33 -> 40020 | AC33: 0 | AD33: =SUM(W33:AC33) -> 976240 | AE33: =T33-AD33 -> 5223760
A34: 46174 | B34: 3 | C34: =직원정보!B7 -> S0003 | D34: =직원정보!C7 -> 다올찬 | E34: =직원정보!D7 -> 경영지원팀 | F34: =직원정보!E7 -> 이사 | G34: 5200000 | H34: =ROUND(G34/요율기준!$B$14,0) -> 24880 | I34: 4 | J34: 0 | K34: 0 | L34: =ROUND(H34*요율기준!$B$15*I34,0) -> 149280 | M34: =ROUND(H34*요율기준!$B$16*J34,0) -> 0 | N34: 300000 | O34: 100000 | P34: 100000 | Q34: 100000 | R34: 200000 | S34: 200000 | T34: =G34+K34+L34+M34+N34+O34+P34+Q34+R34+S34 -> 6349280 | U34: =Q34+MIN(R34,요율기준!$B$17)+MIN(S34,요율기준!$B$18) -> 500000 | V34: =T34-U34 -> 5849280 | W34: ='4대보험'!F34 -> 263210 | X34: ='4대보험'!H34 -> 207350 | Y34: ='4대보험'!J34 -> 26850 | Z34: ='4대보험'!L34 -> 52640 | AA34: =세금!P34 -> 427540 | AB34: =세금!Q34 -> 42750 | AC34: 0 | AD34: =SUM(W34:AC34) -> 1020340 | AE34: =T34-AD34 -> 5328940
A35: 46204 | B35: 3 | C35: =직원정보!B7 -> S0003 | D35: =직원정보!C7 -> 다올찬 | E35: =직원정보!D7 -> 경영지원팀 | F35: =직원정보!E7 -> 이사 | G35: 5200000 | H35: =ROUND(G35/요율기준!$B$14,0) -> 24880 | I35: 0 | J35: 0 | K35: 0 | L35: =ROUND(H35*요율기준!$B$15*I35,0) -> 0 | M35: =ROUND(H35*요율기준!$B$16*J35,0) -> 0 | N35: 300000 | O35: 100000 | P35: 100000 | Q35: 100000 | R35: 200000 | S35: 200000 | T35: =G35+K35+L35+M35+N35+O35+P35+Q35+R35+S35 -> 6200000 | U35: =Q35+MIN(R35,요율기준!$B$17)+MIN(S35,요율기준!$B$18) -> 500000 | V35: =T35-U35 -> 5700000 | W35: ='4대보험'!F35 -> 256500 | X35: ='4대보험'!H35 -> 202060 | Y35: ='4대보험'!J35 -> 26160 | Z35: ='4대보험'!L35 -> 51300 | AA35: =세금!P35 -> 400200 | AB35: =세금!Q35 -> 40020 | AC35: 0 | AD35: =SUM(W35:AC35) -> 976240 | AE35: =T35-AD35 -> 5223760
A36: 46235 | B36: 3 | C36: =직원정보!B7 -> S0003 | D36: =직원정보!C7 -> 다올찬 | E36: =직원정보!D7 -> 경영지원팀 | F36: =직원정보!E7 -> 이사 | G36: 5200000 | H36: =ROUND(G36/요율기준!$B$14,0) -> 24880 | I36: 4 | J36: 0 | K36: 0 | L36: =ROUND(H36*요율기준!$B$15*I36,0) -> 149280 | M36: =ROUND(H36*요율기준!$B$16*J36,0) -> 0 | N36: 300000 | O36: 100000 | P36: 100000 | Q36: 100000 | R36: 200000 | S36: 200000 | T36: =G36+K36+L36+M36+N36+O36+P36+Q36+R36+S36 -> 6349280 | U36: =Q36+MIN(R36,요율기준!$B$17)+MIN(S36,요율기준!$B$18) -> 500000 | V36: =T36-U36 -> 5849280 | W36: ='4대보험'!F36 -> 263210 | X36: ='4대보험'!H36 -> 207350 | Y36: ='4대보험'!J36 -> 26850 | Z36: ='4대보험'!L36 -> 52640 | AA36: =세금!P36 -> 427540 | AB36: =세금!Q36 -> 42750 | AC36: 0 | AD36: =SUM(W36:AC36) -> 1020340 | AE36: =T36-AD36 -> 5328940
A37: 46266 | B37: 3 | C37: =직원정보!B7 -> S0003 | D37: =직원정보!C7 -> 다올찬 | E37: =직원정보!D7 -> 경영지원팀 | F37: =직원정보!E7 -> 이사 | G37: 5200000 | H37: =ROUND(G37/요율기준!$B$14,0) -> 24880 | I37: 0 | J37: 0 | K37: 0 | L37: =ROUND(H37*요율기준!$B$15*I37,0) -> 0 | M37: =ROUND(H37*요율기준!$B$16*J37,0) -> 0 | N37: 300000 | O37: 100000 | P37: 100000 | Q37: 100000 | R37: 200000 | S37: 200000 | T37: =G37+K37+L37+M37+N37+O37+P37+Q37+R37+S37 -> 6200000 | U37: =Q37+MIN(R37,요율기준!$B$17)+MIN(S37,요율기준!$B$18) -> 500000 | V37: =T37-U37 -> 5700000 | W37: ='4대보험'!F37 -> 256500 | X37: ='4대보험'!H37 -> 202060 | Y37: ='4대보험'!J37 -> 26160 | Z37: ='4대보험'!L37 -> 51300 | AA37: =세금!P37 -> 400200 | AB37: =세금!Q37 -> 40020 | AC37: 0 | AD37: =SUM(W37:AC37) -> 976240 | AE37: =T37-AD37 -> 5223760
A38: 46296 | B38: 3 | C38: =직원정보!B7 -> S0003 | D38: =직원정보!C7 -> 다올찬 | E38: =직원정보!D7 -> 경영지원팀 | F38: =직원정보!E7 -> 이사 | G38: 5200000 | H38: =ROUND(G38/요율기준!$B$14,0) -> 24880 | I38: 4 | J38: 0 | K38: 0 | L38: =ROUND(H38*요율기준!$B$15*I38,0) -> 149280 | M38: =ROUND(H38*요율기준!$B$16*J38,0) -> 0 | N38: 300000 | O38: 100000 | P38: 100000 | Q38: 100000 | R38: 200000 | S38: 200000 | T38: =G38+K38+L38+M38+N38+O38+P38+Q38+R38+S38 -> 6349280 | U38: =Q38+MIN(R38,요율기준!$B$17)+MIN(S38,요율기준!$B$18) -> 500000 | V38: =T38-U38 -> 5849280 | W38: ='4대보험'!F38 -> 263210 | X38: ='4대보험'!H38 -> 207350 | Y38: ='4대보험'!J38 -> 26850 | Z38: ='4대보험'!L38 -> 52640 | AA38: =세금!P38 -> 427540 | AB38: =세금!Q38 -> 42750 | AC38: 0 | AD38: =SUM(W38:AC38) -> 1020340 | AE38: =T38-AD38 -> 5328940
A39: 46327 | B39: 3 | C39: =직원정보!B7 -> S0003 | D39: =직원정보!C7 -> 다올찬 | E39: =직원정보!D7 -> 경영지원팀 | F39: =직원정보!E7 -> 이사 | G39: 5200000 | H39: =ROUND(G39/요율기준!$B$14,0) -> 24880 | I39: 0 | J39: 0 | K39: 0 | L39: =ROUND(H39*요율기준!$B$15*I39,0) -> 0 | M39: =ROUND(H39*요율기준!$B$16*J39,0) -> 0 | N39: 300000 | O39: 100000 | P39: 100000 | Q39: 100000 | R39: 200000 | S39: 200000 | T39: =G39+K39+L39+M39+N39+O39+P39+Q39+R39+S39 -> 6200000 | U39: =Q39+MIN(R39,요율기준!$B$17)+MIN(S39,요율기준!$B$18) -> 500000 | V39: =T39-U39 -> 5700000 | W39: ='4대보험'!F39 -> 256500 | X39: ='4대보험'!H39 -> 202060 | Y39: ='4대보험'!J39 -> 26160 | Z39: ='4대보험'!L39 -> 51300 | AA39: =세금!P39 -> 400200 | AB39: =세금!Q39 -> 40020 | AC39: 0 | AD39: =SUM(W39:AC39) -> 976240 | AE39: =T39-AD39 -> 5223760
A40: 46357 | B40: 3 | C40: =직원정보!B7 -> S0003 | D40: =직원정보!C7 -> 다올찬 | E40: =직원정보!D7 -> 경영지원팀 | F40: =직원정보!E7 -> 이사 | G40: 5200000 | H40: =ROUND(G40/요율기준!$B$14,0) -> 24880 | I40: 4 | J40: 0 | K40: 0 | L40: =ROUND(H40*요율기준!$B$15*I40,0) -> 149280 | M40: =ROUND(H40*요율기준!$B$16*J40,0) -> 0 | N40: 300000 | O40: 100000 | P40: 100000 | Q40: 100000 | R40: 200000 | S40: 200000 | T40: =G40+K40+L40+M40+N40+O40+P40+Q40+R40+S40 -> 6349280 | U40: =Q40+MIN(R40,요율기준!$B$17)+MIN(S40,요율기준!$B$18) -> 500000 | V40: =T40-U40 -> 5849280 | W40: ='4대보험'!F40 -> 263210 | X40: ='4대보험'!H40 -> 207350 | Y40: ='4대보험'!J40 -> 26850 | Z40: ='4대보험'!L40 -> 52640 | AA40: =세금!P40 -> 427540 | AB40: =세금!Q40 -> 42750 | AC40: 0 | AD40: =SUM(W40:AC40) -> 1020340 | AE40: =T40-AD40 -> 5328940
A41: 46023 | B41: 4 | C41: =직원정보!B8 -> S0004 | D41: =직원정보!C8 -> 라온제 | E41: =직원정보!D8 -> 경영지원팀 | F41: =직원정보!E8 -> 과장 | G41: 3500000 | H41: =ROUND(G41/요율기준!$B$14,0) -> 16746 | I41: 4 | J41: 0 | K41: 300000 | L41: =ROUND(H41*요율기준!$B$15*I41,0) -> 100476 | M41: =ROUND(H41*요율기준!$B$16*J41,0) -> 0 | N41: 100000 | O41: 100000 | P41: 0 | Q41: 100000 | R41: 200000 | S41: 200000 | T41: =G41+K41+L41+M41+N41+O41+P41+Q41+R41+S41 -> 4600476 | U41: =Q41+MIN(R41,요율기준!$B$17)+MIN(S41,요율기준!$B$18) -> 500000 | V41: =T41-U41 -> 4100476 | W41: ='4대보험'!F41 -> 184520 | X41: ='4대보험'!H41 -> 145360 | Y41: ='4대보험'!J41 -> 18820 | Z41: ='4대보험'!L41 -> 36900 | AA41: =세금!P41 -> 192660 | AB41: =세금!Q41 -> 19260 | AC41: 0 | AD41: =SUM(W41:AC41) -> 597520 | AE41: =T41-AD41 -> 4002956
A42: 46054 | B42: 4 | C42: =직원정보!B8 -> S0004 | D42: =직원정보!C8 -> 라온제 | E42: =직원정보!D8 -> 경영지원팀 | F42: =직원정보!E8 -> 과장 | G42: 3500000 | H42: =ROUND(G42/요율기준!$B$14,0) -> 16746 | I42: 0 | J42: 0 | K42: 300000 | L42: =ROUND(H42*요율기준!$B$15*I42,0) -> 0 | M42: =ROUND(H42*요율기준!$B$16*J42,0) -> 0 | N42: 100000 | O42: 100000 | P42: 0 | Q42: 100000 | R42: 200000 | S42: 200000 | T42: =G42+K42+L42+M42+N42+O42+P42+Q42+R42+S42 -> 4500000 | U42: =Q42+MIN(R42,요율기준!$B$17)+MIN(S42,요율기준!$B$18) -> 500000 | V42: =T42-U42 -> 4000000 | W42: ='4대보험'!F42 -> 180000 | X42: ='4대보험'!H42 -> 141800 | Y42: ='4대보험'!J42 -> 18360 | Z42: ='4대보험'!L42 -> 36000 | AA42: =세금!P42 -> 179620 | AB42: =세금!Q42 -> 17960 | AC42: 0 | AD42: =SUM(W42:AC42) -> 573740 | AE42: =T42-AD42 -> 3926260
A43: 46082 | B43: 4 | C43: =직원정보!B8 -> S0004 | D43: =직원정보!C8 -> 라온제 | E43: =직원정보!D8 -> 경영지원팀 | F43: =직원정보!E8 -> 과장 | G43: 3500000 | H43: =ROUND(G43/요율기준!$B$14,0) -> 16746 | I43: 4 | J43: 0 | K43: 300000 | L43: =ROUND(H43*요율기준!$B$15*I43,0) -> 100476 | M43: =ROUND(H43*요율기준!$B$16*J43,0) -> 0 | N43: 100000 | O43: 100000 | P43: 0 | Q43: 100000 | R43: 200000 | S43: 200000 | T43: =G43+K43+L43+M43+N43+O43+P43+Q43+R43+S43 -> 4600476 | U43: =Q43+MIN(R43,요율기준!$B$17)+MIN(S43,요율기준!$B$18) -> 500000 | V43: =T43-U43 -> 4100476 | W43: ='4대보험'!F43 -> 184520 | X43: ='4대보험'!H43 -> 145360 | Y43: ='4대보험'!J43 -> 18820 | Z43: ='4대보험'!L43 -> 36900 | AA43: =세금!P43 -> 192660 | AB43: =세금!Q43 -> 19260 | AC43: 0 | AD43: =SUM(W43:AC43) -> 597520 | AE43: =T43-AD43 -> 4002956
A44: 46113 | B44: 4 | C44: =직원정보!B8 -> S0004 | D44: =직원정보!C8 -> 라온제 | E44: =직원정보!D8 -> 경영지원팀 | F44: =직원정보!E8 -> 과장 | G44: 3500000 | H44: =ROUND(G44/요율기준!$B$14,0) -> 16746 | I44: 0 | J44: 0 | K44: 300000 | L44: =ROUND(H44*요율기준!$B$15*I44,0) -> 0 | M44: =ROUND(H44*요율기준!$B$16*J44,0) -> 0 | N44: 100000 | O44: 100000 | P44: 0 | Q44: 100000 | R44: 200000 | S44: 200000 | T44: =G44+K44+L44+M44+N44+O44+P44+Q44+R44+S44 -> 4500000 | U44: =Q44+MIN(R44,요율기준!$B$17)+MIN(S44,요율기준!$B$18) -> 500000 | V44: =T44-U44 -> 4000000 | W44: ='4대보험'!F44 -> 180000 | X44: ='4대보험'!H44 -> 141800 | Y44: ='4대보험'!J44 -> 18360 | Z44: ='4대보험'!L44 -> 36000 | AA44: =세금!P44 -> 179620 | AB44: =세금!Q44 -> 17960 | AC44: 0 | AD44: =SUM(W44:AC44) -> 573740 | AE44: =T44-AD44 -> 3926260
A45: 46143 | B45: 4 | C45: =직원정보!B8 -> S0004 | D45: =직원정보!C8 -> 라온제 | E45: =직원정보!D8 -> 경영지원팀 | F45: =직원정보!E8 -> 과장 | G45: 3500000 | H45: =ROUND(G45/요율기준!$B$14,0) -> 16746 | I45: 4 | J45: 0 | K45: 300000 | L45: =ROUND(H45*요율기준!$B$15*I45,0) -> 100476 | M45: =ROUND(H45*요율기준!$B$16*J45,0) -> 0 | N45: 100000 | O45: 100000 | P45: 0 | Q45: 100000 | R45: 200000 | S45: 200000 | T45: =G45+K45+L45+M45+N45+O45+P45+Q45+R45+S45 -> 4600476 | U45: =Q45+MIN(R45,요율기준!$B$17)+MIN(S45,요율기준!$B$18) -> 500000 | V45: =T45-U45 -> 4100476 | W45: ='4대보험'!F45 -> 184520 | X45: ='4대보험'!H45 -> 145360 | Y45: ='4대보험'!J45 -> 18820 | Z45: ='4대보험'!L45 -> 36900 | AA45: =세금!P45 -> 192660 | AB45: =세금!Q45 -> 19260 | AC45: 0 | AD45: =SUM(W45:AC45) -> 597520 | AE45: =T45-AD45 -> 4002956
A46: 46174 | B46: 4 | C46: =직원정보!B8 -> S0004 | D46: =직원정보!C8 -> 라온제 | E46: =직원정보!D8 -> 경영지원팀 | F46: =직원정보!E8 -> 과장 | G46: 3500000 | H46: =ROUND(G46/요율기준!$B$14,0) -> 16746 | I46: 0 | J46: 0 | K46: 300000 | L46: =ROUND(H46*요율기준!$B$15*I46,0) -> 0 | M46: =ROUND(H46*요율기준!$B$16*J46,0) -> 0 | N46: 100000 | O46: 100000 | P46: 0 | Q46: 100000 | R46: 200000 | S46: 200000 | T46: =G46+K46+L46+M46+N46+O46+P46+Q46+R46+S46 -> 4500000 | U46: =Q46+MIN(R46,요율기준!$B$17)+MIN(S46,요율기준!$B$18) -> 500000 | V46: =T46-U46 -> 4000000 | W46: ='4대보험'!F46 -> 180000 | X46: ='4대보험'!H46 -> 141800 | Y46: ='4대보험'!J46 -> 18360 | Z46: ='4대보험'!L46 -> 36000 | AA46: =세금!P46 -> 179620 | AB46: =세금!Q46 -> 17960 | AC46: 0 | AD46: =SUM(W46:AC46) -> 573740 | AE46: =T46-AD46 -> 3926260
A47: 46204 | B47: 4 | C47: =직원정보!B8 -> S0004 | D47: =직원정보!C8 -> 라온제 | E47: =직원정보!D8 -> 경영지원팀 | F47: =직원정보!E8 -> 과장 | G47: 3500000 | H47: =ROUND(G47/요율기준!$B$14,0) -> 16746 | I47: 4 | J47: 0 | K47: 300000 | L47: =ROUND(H47*요율기준!$B$15*I47,0) -> 100476 | M47: =ROUND(H47*요율기준!$B$16*J47,0) -> 0 | N47: 100000 | O47: 100000 | P47: 0 | Q47: 100000 | R47: 200000 | S47: 200000 | T47: =G47+K47+L47+M47+N47+O47+P47+Q47+R47+S47 -> 4600476 | U47: =Q47+MIN(R47,요율기준!$B$17)+MIN(S47,요율기준!$B$18) -> 500000 | V47: =T47-U47 -> 4100476 | W47: ='4대보험'!F47 -> 184520 | X47: ='4대보험'!H47 -> 145360 | Y47: ='4대보험'!J47 -> 18820 | Z47: ='4대보험'!L47 -> 36900 | AA47: =세금!P47 -> 192660 | AB47: =세금!Q47 -> 19260 | AC47: 0 | AD47: =SUM(W47:AC47) -> 597520 | AE47: =T47-AD47 -> 4002956
A48: 46235 | B48: 4 | C48: =직원정보!B8 -> S0004 | D48: =직원정보!C8 -> 라온제 | E48: =직원정보!D8 -> 경영지원팀 | F48: =직원정보!E8 -> 과장 | G48: 3500000 | H48: =ROUND(G48/요율기준!$B$14,0) -> 16746 | I48: 0 | J48: 0 | K48: 300000 | L48: =ROUND(H48*요율기준!$B$15*I48,0) -> 0 | M48: =ROUND(H48*요율기준!$B$16*J48,0) -> 0 | N48: 100000 | O48: 100000 | P48: 0 | Q48: 100000 | R48: 200000 | S48: 200000 | T48: =G48+K48+L48+M48+N48+O48+P48+Q48+R48+S48 -> 4500000 | U48: =Q48+MIN(R48,요율기준!$B$17)+MIN(S48,요율기준!$B$18) -> 500000 | V48: =T48-U48 -> 4000000 | W48: ='4대보험'!F48 -> 180000 | X48: ='4대보험'!H48 -> 141800 | Y48: ='4대보험'!J48 -> 18360 | Z48: ='4대보험'!L48 -> 36000 | AA48: =세금!P48 -> 179620 | AB48: =세금!Q48 -> 17960 | AC48: 0 | AD48: =SUM(W48:AC48) -> 573740 | AE48: =T48-AD48 -> 3926260
A49: 46266 | B49: 4 | C49: =직원정보!B8 -> S0004 | D49: =직원정보!C8 -> 라온제 | E49: =직원정보!D8 -> 경영지원팀 | F49: =직원정보!E8 -> 과장 | G49: 3500000 | H49: =ROUND(G49/요율기준!$B$14,0) -> 16746 | I49: 4 | J49: 0 | K49: 300000 | L49: =ROUND(H49*요율기준!$B$15*I49,0) -> 100476 | M49: =ROUND(H49*요율기준!$B$16*J49,0) -> 0 | N49: 100000 | O49: 100000 | P49: 0 | Q49: 100000 | R49: 200000 | S49: 200000 | T49: =G49+K49+L49+M49+N49+O49+P49+Q49+R49+S49 -> 4600476 | U49: =Q49+MIN(R49,요율기준!$B$17)+MIN(S49,요율기준!$B$18) -> 500000 | V49: =T49-U49 -> 4100476 | W49: ='4대보험'!F49 -> 184520 | X49: ='4대보험'!H49 -> 145360 | Y49: ='4대보험'!J49 -> 18820 | Z49: ='4대보험'!L49 -> 36900 | AA49: =세금!P49 -> 192660 | AB49: =세금!Q49 -> 19260 | AC49: 0 | AD49: =SUM(W49:AC49) -> 597520 | AE49: =T49-AD49 -> 4002956
A50: 46296 | B50: 4 | C50: =직원정보!B8 -> S0004 | D50: =직원정보!C8 -> 라온제 | E50: =직원정보!D8 -> 경영지원팀 | F50: =직원정보!E8 -> 과장 | G50: 3500000 | H50: =ROUND(G50/요율기준!$B$14,0) -> 16746 | I50: 0 | J50: 0 | K50: 300000 | L50: =ROUND(H50*요율기준!$B$15*I50,0) -> 0 | M50: =ROUND(H50*요율기준!$B$16*J50,0) -> 0 | N50: 100000 | O50: 100000 | P50: 0 | Q50: 100000 | R50: 200000 | S50: 200000 | T50: =G50+K50+L50+M50+N50+O50+P50+Q50+R50+S50 -> 4500000 | U50: =Q50+MIN(R50,요율기준!$B$17)+MIN(S50,요율기준!$B$18) -> 500000 | V50: =T50-U50 -> 4000000 | W50: ='4대보험'!F50 -> 180000 | X50: ='4대보험'!H50 -> 141800 | Y50: ='4대보험'!J50 -> 18360 | Z50: ='4대보험'!L50 -> 36000 | AA50: =세금!P50 -> 179620 | AB50: =세금!Q50 -> 17960 | AC50: 0 | AD50: =SUM(W50:AC50) -> 573740 | AE50: =T50-AD50 -> 3926260
A51: 46327 | B51: 4 | C51: =직원정보!B8 -> S0004 | D51: =직원정보!C8 -> 라온제 | E51: =직원정보!D8 -> 경영지원팀 | F51: =직원정보!E8 -> 과장 | G51: 3500000 | H51: =ROUND(G51/요율기준!$B$14,0) -> 16746 | I51: 4 | J51: 0 | K51: 300000 | L51: =ROUND(H51*요율기준!$B$15*I51,0) -> 100476 | M51: =ROUND(H51*요율기준!$B$16*J51,0) -> 0 | N51: 100000 | O51: 100000 | P51: 0 | Q51: 100000 | R51: 200000 | S51: 200000 | T51: =G51+K51+L51+M51+N51+O51+P51+Q51+R51+S51 -> 4600476 | U51: =Q51+MIN(R51,요율기준!$B$17)+MIN(S51,요율기준!$B$18) -> 500000 | V51: =T51-U51 -> 4100476 | W51: ='4대보험'!F51 -> 184520 | X51: ='4대보험'!H51 -> 145360 | Y51: ='4대보험'!J51 -> 18820 | Z51: ='4대보험'!L51 -> 36900 | AA51: =세금!P51 -> 192660 | AB51: =세금!Q51 -> 19260 | AC51: 0 | AD51: =SUM(W51:AC51) -> 597520 | AE51: =T51-AD51 -> 4002956
A52: 46357 | B52: 4 | C52: =직원정보!B8 -> S0004 | D52: =직원정보!C8 -> 라온제 | E52: =직원정보!D8 -> 경영지원팀 | F52: =직원정보!E8 -> 과장 | G52: 3500000 | H52: =ROUND(G52/요율기준!$B$14,0) -> 16746 | I52: 0 | J52: 0 | K52: 300000 | L52: =ROUND(H52*요율기준!$B$15*I52,0) -> 0 | M52: =ROUND(H52*요율기준!$B$16*J52,0) -> 0 | N52: 100000 | O52: 100000 | P52: 0 | Q52: 100000 | R52: 200000 | S52: 200000 | T52: =G52+K52+L52+M52+N52+O52+P52+Q52+R52+S52 -> 4500000 | U52: =Q52+MIN(R52,요율기준!$B$17)+MIN(S52,요율기준!$B$18) -> 500000 | V52: =T52-U52 -> 4000000 | W52: ='4대보험'!F52 -> 180000 | X52: ='4대보험'!H52 -> 141800 | Y52: ='4대보험'!J52 -> 18360 | Z52: ='4대보험'!L52 -> 36000 | AA52: =세금!P52 -> 179620 | AB52: =세금!Q52 -> 17960 | AC52: 0 | AD52: =SUM(W52:AC52) -> 573740 | AE52: =T52-AD52 -> 3926260
A53: 46023 | B53: 5 | C53: =직원정보!B9 -> S0005 | D53: =직원정보!C9 -> 마루한 | E53: =직원정보!D9 -> C&M 1팀 | F53: =직원정보!E9 -> 부장 | G53: 4300000 | H53: =ROUND(G53/요율기준!$B$14,0) -> 20574 | I53: 25 | J53: 11 | K53: 350000 | L53: =ROUND(H53*요율기준!$B$15*I53,0) -> 771525 | M53: =ROUND(H53*요율기준!$B$16*J53,0) -> 113157 | N53: 200000 | O53: 100000 | P53: 100000 | Q53: 100000 | R53: 200000 | S53: 200000 | T53: =G53+K53+L53+M53+N53+O53+P53+Q53+R53+S53 -> 6434682 | U53: =Q53+MIN(R53,요율기준!$B$17)+MIN(S53,요율기준!$B$18) -> 500000 | V53: =T53-U53 -> 5934682 | W53: ='4대보험'!F53 -> 267060 | X53: ='4대보험'!H53 -> 210380 | Y53: ='4대보험'!J53 -> 27240 | Z53: ='4대보험'!L53 -> 53410 | AA53: =세금!P53 -> 443980 | AB53: =세금!Q53 -> 44390 | AC53: 0 | AD53: =SUM(W53:AC53) -> 1046460 | AE53: =T53-AD53 -> 5388222
A54: 46054 | B54: 5 | C54: =직원정보!B9 -> S0005 | D54: =직원정보!C9 -> 마루한 | E54: =직원정보!D9 -> C&M 1팀 | F54: =직원정보!E9 -> 부장 | G54: 4300000 | H54: =ROUND(G54/요율기준!$B$14,0) -> 20574 | I54: 30 | J54: 2 | K54: 350000 | L54: =ROUND(H54*요율기준!$B$15*I54,0) -> 925830 | M54: =ROUND(H54*요율기준!$B$16*J54,0) -> 20574 | N54: 200000 | O54: 100000 | P54: 100000 | Q54: 100000 | R54: 200000 | S54: 200000 | T54: =G54+K54+L54+M54+N54+O54+P54+Q54+R54+S54 -> 6496404 | U54: =Q54+MIN(R54,요율기준!$B$17)+MIN(S54,요율기준!$B$18) -> 500000 | V54: =T54-U54 -> 5996404 | W54: ='4대보험'!F54 -> 269830 | X54: ='4대보험'!H54 -> 212570 | Y54: ='4대보험'!J54 -> 27520 | Z54: ='4대보험'!L54 -> 53960 | AA54: =세금!P54 -> 451990 | AB54: =세금!Q54 -> 45190 | AC54: 0 | AD54: =SUM(W54:AC54) -> 1061060 | AE54: =T54-AD54 -> 5435344
A55: 46082 | B55: 5 | C55: =직원정보!B9 -> S0005 | D55: =직원정보!C9 -> 마루한 | E55: =직원정보!D9 -> C&M 1팀 | F55: =직원정보!E9 -> 부장 | G55: 4300000 | H55: =ROUND(G55/요율기준!$B$14,0) -> 20574 | I55: 10 | J55: 5 | K55: 350000 | L55: =ROUND(H55*요율기준!$B$15*I55,0) -> 308610 | M55: =ROUND(H55*요율기준!$B$16*J55,0) -> 51435 | N55: 200000 | O55: 100000 | P55: 100000 | Q55: 100000 | R55: 200000 | S55: 200000 | T55: =G55+K55+L55+M55+N55+O55+P55+Q55+R55+S55 -> 5910045 | U55: =Q55+MIN(R55,요율기준!$B$17)+MIN(S55,요율기준!$B$18) -> 500000 | V55: =T55-U55 -> 5410045 | W55: ='4대보험'!F55 -> 243450 | X55: ='4대보험'!H55 -> 191780 | Y55: ='4대보험'!J55 -> 24830 | Z55: ='4대보험'!L55 -> 48690 | AA55: =세금!P55 -> 362570 | AB55: =세금!Q55 -> 36250 | AC55: 0 | AD55: =SUM(W55:AC55) -> 907570 | AE55: =T55-AD55 -> 5002475
A56: 46113 | B56: 5 | C56: =직원정보!B9 -> S0005 | D56: =직원정보!C9 -> 마루한 | E56: =직원정보!D9 -> C&M 1팀 | F56: =직원정보!E9 -> 부장 | G56: 4300000 | H56: =ROUND(G56/요율기준!$B$14,0) -> 20574 | I56: 15 | J56: 8 | K56: 350000 | L56: =ROUND(H56*요율기준!$B$15*I56,0) -> 462915 | M56: =ROUND(H56*요율기준!$B$16*J56,0) -> 82296 | N56: 200000 | O56: 100000 | P56: 100000 | Q56: 100000 | R56: 200000 | S56: 200000 | T56: =G56+K56+L56+M56+N56+O56+P56+Q56+R56+S56 -> 6095211 | U56: =Q56+MIN(R56,요율기준!$B$17)+MIN(S56,요율기준!$B$18) -> 500000 | V56: =T56-U56 -> 5595211 | W56: ='4대보험'!F56 -> 251780 | X56: ='4대보험'!H56 -> 198350 | Y56: ='4대보험'!J56 -> 25680 | Z56: ='4대보험'!L56 -> 50350 | AA56: =세금!P56 -> 386600 | AB56: =세금!Q56 -> 38660 | AC56: 0 | AD56: =SUM(W56:AC56) -> 951420 | AE56: =T56-AD56 -> 5143791
A57: 46143 | B57: 5 | C57: =직원정보!B9 -> S0005 | D57: =직원정보!C9 -> 마루한 | E57: =직원정보!D9 -> C&M 1팀 | F57: =직원정보!E9 -> 부장 | G57: 4300000 | H57: =ROUND(G57/요율기준!$B$14,0) -> 20574 | I57: 20 | J57: 11 | K57: 350000 | L57: =ROUND(H57*요율기준!$B$15*I57,0) -> 617220 | M57: =ROUND(H57*요율기준!$B$16*J57,0) -> 113157 | N57: 200000 | O57: 100000 | P57: 100000 | Q57: 100000 | R57: 200000 | S57: 200000 | T57: =G57+K57+L57+M57+N57+O57+P57+Q57+R57+S57 -> 6280377 | U57: =Q57+MIN(R57,요율기준!$B$17)+MIN(S57,요율기준!$B$18) -> 500000 | V57: =T57-U57 -> 5780377 | W57: ='4대보험'!F57 -> 260110 | X57: ='4대보험'!H57 -> 204910 | Y57: ='4대보험'!J57 -> 26530 | Z57: ='4대보험'!L57 -> 52020 | AA57: =세금!P57 -> 410620 | AB57: =세금!Q57 -> 41060 | AC57: 0 | AD57: =SUM(W57:AC57) -> 995250 | AE57: =T57-AD57 -> 5285127
A58: 46174 | B58: 5 | C58: =직원정보!B9 -> S0005 | D58: =직원정보!C9 -> 마루한 | E58: =직원정보!D9 -> C&M 1팀 | F58: =직원정보!E9 -> 부장 | G58: 4300000 | H58: =ROUND(G58/요율기준!$B$14,0) -> 20574 | I58: 25 | J58: 2 | K58: 350000 | L58: =ROUND(H58*요율기준!$B$15*I58,0) -> 771525 | M58: =ROUND(H58*요율기준!$B$16*J58,0) -> 20574 | N58: 200000 | O58: 100000 | P58: 100000 | Q58: 100000 | R58: 200000 | S58: 200000 | T58: =G58+K58+L58+M58+N58+O58+P58+Q58+R58+S58 -> 6342099 | U58: =Q58+MIN(R58,요율기준!$B$17)+MIN(S58,요율기준!$B$18) -> 500000 | V58: =T58-U58 -> 5842099 | W58: ='4대보험'!F58 -> 262890 | X58: ='4대보험'!H58 -> 207100 | Y58: ='4대보험'!J58 -> 26810 | Z58: ='4대보험'!L58 -> 52570 | AA58: =세금!P58 -> 423020 | AB58: =세금!Q58 -> 42300 | AC58: 0 | AD58: =SUM(W58:AC58) -> 1014690 | AE58: =T58-AD58 -> 5327409
A59: 46204 | B59: 5 | C59: =직원정보!B9 -> S0005 | D59: =직원정보!C9 -> 마루한 | E59: =직원정보!D9 -> C&M 1팀 | F59: =직원정보!E9 -> 부장 | G59: 4300000 | H59: =ROUND(G59/요율기준!$B$14,0) -> 20574 | I59: 30 | J59: 5 | K59: 350000 | L59: =ROUND(H59*요율기준!$B$15*I59,0) -> 925830 | M59: =ROUND(H59*요율기준!$B$16*J59,0) -> 51435 | N59: 200000 | O59: 100000 | P59: 100000 | Q59: 100000 | R59: 200000 | S59: 200000 | T59: =G59+K59+L59+M59+N59+O59+P59+Q59+R59+S59 -> 6527265 | U59: =Q59+MIN(R59,요율기준!$B$17)+MIN(S59,요율기준!$B$18) -> 500000 | V59: =T59-U59 -> 6027265 | W59: ='4대보험'!F59 -> 271220 | X59: ='4대보험'!H59 -> 213660 | Y59: ='4대보험'!J59 -> 27660 | Z59: ='4대보험'!L59 -> 54240 | AA59: =세금!P59 -> 455990 | AB59: =세금!Q59 -> 45590 | AC59: 0 | AD59: =SUM(W59:AC59) -> 1068360 | AE59: =T59-AD59 -> 5458905
A60: 46235 | B60: 5 | C60: =직원정보!B9 -> S0005 | D60: =직원정보!C9 -> 마루한 | E60: =직원정보!D9 -> C&M 1팀 | F60: =직원정보!E9 -> 부장 | G60: 4300000 | H60: =ROUND(G60/요율기준!$B$14,0) -> 20574 | I60: 10 | J60: 8 | K60: 350000 | L60: =ROUND(H60*요율기준!$B$15*I60,0) -> 308610 | M60: =ROUND(H60*요율기준!$B$16*J60,0) -> 82296 | N60: 200000 | O60: 100000 | P60: 100000 | Q60: 100000 | R60: 200000 | S60: 200000 | T60: =G60+K60+L60+M60+N60+O60+P60+Q60+R60+S60 -> 5940906 | U60: =Q60+MIN(R60,요율기준!$B$17)+MIN(S60,요율기준!$B$18) -> 500000 | V60: =T60-U60 -> 5440906 | W60: ='4대보험'!F60 -> 244840 | X60: ='4대보험'!H60 -> 192880 | Y60: ='4대보험'!J60 -> 24970 | Z60: ='4대보험'!L60 -> 48960 | AA60: =세금!P60 -> 366580 | AB60: =세금!Q60 -> 36650 | AC60: 0 | AD60: =SUM(W60:AC60) -> 914880 | AE60: =T60-AD60 -> 5026026
A61: 46266 | B61: 5 | C61: =직원정보!B9 -> S0005 | D61: =직원정보!C9 -> 마루한 | E61: =직원정보!D9 -> C&M 1팀 | F61: =직원정보!E9 -> 부장 | G61: 4300000 | H61: =ROUND(G61/요율기준!$B$14,0) -> 20574 | I61: 15 | J61: 11 | K61: 350000 | L61: =ROUND(H61*요율기준!$B$15*I61,0) -> 462915 | M61: =ROUND(H61*요율기준!$B$16*J61,0) -> 113157 | N61: 200000 | O61: 100000 | P61: 100000 | Q61: 100000 | R61: 200000 | S61: 200000 | T61: =G61+K61+L61+M61+N61+O61+P61+Q61+R61+S61 -> 6126072 | U61: =Q61+MIN(R61,요율기준!$B$17)+MIN(S61,요율기준!$B$18) -> 500000 | V61: =T61-U61 -> 5626072 | W61: ='4대보험'!F61 -> 253170 | X61: ='4대보험'!H61 -> 199440 | Y61: ='4대보험'!J61 -> 25820 | Z61: ='4대보험'!L61 -> 50630 | AA61: =세금!P61 -> 390600 | AB61: =세금!Q61 -> 39060 | AC61: 0 | AD61: =SUM(W61:AC61) -> 958720 | AE61: =T61-AD61 -> 5167352
A62: 46296 | B62: 5 | C62: =직원정보!B9 -> S0005 | D62: =직원정보!C9 -> 마루한 | E62: =직원정보!D9 -> C&M 1팀 | F62: =직원정보!E9 -> 부장 | G62: 4300000 | H62: =ROUND(G62/요율기준!$B$14,0) -> 20574 | I62: 20 | J62: 2 | K62: 350000 | L62: =ROUND(H62*요율기준!$B$15*I62,0) -> 617220 | M62: =ROUND(H62*요율기준!$B$16*J62,0) -> 20574 | N62: 200000 | O62: 100000 | P62: 100000 | Q62: 100000 | R62: 200000 | S62: 200000 | T62: =G62+K62+L62+M62+N62+O62+P62+Q62+R62+S62 -> 6187794 | U62: =Q62+MIN(R62,요율기준!$B$17)+MIN(S62,요율기준!$B$18) -> 500000 | V62: =T62-U62 -> 5687794 | W62: ='4대보험'!F62 -> 255950 | X62: ='4대보험'!H62 -> 201630 | Y62: ='4대보험'!J62 -> 26110 | Z62: ='4대보험'!L62 -> 51190 | AA62: =세금!P62 -> 398610 | AB62: =세금!Q62 -> 39860 | AC62: 0 | AD62: =SUM(W62:AC62) -> 973350 | AE62: =T62-AD62 -> 5214444
A63: 46327 | B63: 5 | C63: =직원정보!B9 -> S0005 | D63: =직원정보!C9 -> 마루한 | E63: =직원정보!D9 -> C&M 1팀 | F63: =직원정보!E9 -> 부장 | G63: 4300000 | H63: =ROUND(G63/요율기준!$B$14,0) -> 20574 | I63: 25 | J63: 5 | K63: 350000 | L63: =ROUND(H63*요율기준!$B$15*I63,0) -> 771525 | M63: =ROUND(H63*요율기준!$B$16*J63,0) -> 51435 | N63: 200000 | O63: 100000 | P63: 100000 | Q63: 100000 | R63: 200000 | S63: 200000 | T63: =G63+K63+L63+M63+N63+O63+P63+Q63+R63+S63 -> 6372960 | U63: =Q63+MIN(R63,요율기준!$B$17)+MIN(S63,요율기준!$B$18) -> 500000 | V63: =T63-U63 -> 5872960 | W63: ='4대보험'!F63 -> 264280 | X63: ='4대보험'!H63 -> 208190 | Y63: ='4대보험'!J63 -> 26960 | Z63: ='4대보험'!L63 -> 52850 | AA63: =세금!P63 -> 435970 | AB63: =세금!Q63 -> 43590 | AC63: 0 | AD63: =SUM(W63:AC63) -> 1031840 | AE63: =T63-AD63 -> 5341120
A64: 46357 | B64: 5 | C64: =직원정보!B9 -> S0005 | D64: =직원정보!C9 -> 마루한 | E64: =직원정보!D9 -> C&M 1팀 | F64: =직원정보!E9 -> 부장 | G64: 4300000 | H64: =ROUND(G64/요율기준!$B$14,0) -> 20574 | I64: 30 | J64: 8 | K64: 350000 | L64: =ROUND(H64*요율기준!$B$15*I64,0) -> 925830 | M64: =ROUND(H64*요율기준!$B$16*J64,0) -> 82296 | N64: 200000 | O64: 100000 | P64: 100000 | Q64: 100000 | R64: 200000 | S64: 200000 | T64: =G64+K64+L64+M64+N64+O64+P64+Q64+R64+S64 -> 6558126 | U64: =Q64+MIN(R64,요율기준!$B$17)+MIN(S64,요율기준!$B$18) -> 500000 | V64: =T64-U64 -> 6058126 | W64: ='4대보험'!F64 -> 272610 | X64: ='4대보험'!H64 -> 214760 | Y64: ='4대보험'!J64 -> 27810 | Z64: ='4대보험'!L64 -> 54520 | AA64: =세금!P64 -> 460000 | AB64: =세금!Q64 -> 46000 | AC64: 0 | AD64: =SUM(W64:AC64) -> 1075700 | AE64: =T64-AD64 -> 5482426
A65: 46023 | B65: 6 | C65: =직원정보!B10 -> S0006 | D65: =직원정보!C10 -> 바다별 | E65: =직원정보!D10 -> C&S 1팀 | F65: =직원정보!E10 -> 부장 | G65: 4300000 | H65: =ROUND(G65/요율기준!$B$14,0) -> 20574 | I65: 28 | J65: 1 | K65: 350000 | L65: =ROUND(H65*요율기준!$B$15*I65,0) -> 864108 | M65: =ROUND(H65*요율기준!$B$16*J65,0) -> 10287 | N65: 200000 | O65: 100000 | P65: 100000 | Q65: 100000 | R65: 200000 | S65: 200000 | T65: =G65+K65+L65+M65+N65+O65+P65+Q65+R65+S65 -> 6424395 | U65: =Q65+MIN(R65,요율기준!$B$17)+MIN(S65,요율기준!$B$18) -> 500000 | V65: =T65-U65 -> 5924395 | W65: ='4대보험'!F65 -> 266590 | X65: ='4대보험'!H65 -> 210010 | Y65: ='4대보험'!J65 -> 27190 | Z65: ='4대보험'!L65 -> 53310 | AA65: =세금!P65 -> 442640 | AB65: =세금!Q65 -> 44260 | AC65: 0 | AD65: =SUM(W65:AC65) -> 1044000 | AE65: =T65-AD65 -> 5380395
A66: 46054 | B66: 6 | C66: =직원정보!B10 -> S0006 | D66: =직원정보!C10 -> 바다별 | E66: =직원정보!D10 -> C&S 1팀 | F66: =직원정보!E10 -> 부장 | G66: 4300000 | H66: =ROUND(G66/요율기준!$B$14,0) -> 20574 | I66: 8 | J66: 4 | K66: 350000 | L66: =ROUND(H66*요율기준!$B$15*I66,0) -> 246888 | M66: =ROUND(H66*요율기준!$B$16*J66,0) -> 41148 | N66: 200000 | O66: 100000 | P66: 100000 | Q66: 100000 | R66: 200000 | S66: 200000 | T66: =G66+K66+L66+M66+N66+O66+P66+Q66+R66+S66 -> 5838036 | U66: =Q66+MIN(R66,요율기준!$B$17)+MIN(S66,요율기준!$B$18) -> 500000 | V66: =T66-U66 -> 5338036 | W66: ='4대보험'!F66 -> 240210 | X66: ='4대보험'!H66 -> 189230 | Y66: ='4대보험'!J66 -> 24500 | Z66: ='4대보험'!L66 -> 48040 | AA66: =세금!P66 -> 353230 | AB66: =세금!Q66 -> 35320 | AC66: 0 | AD66: =SUM(W66:AC66) -> 890530 | AE66: =T66-AD66 -> 4947506
A67: 46082 | B67: 6 | C67: =직원정보!B10 -> S0006 | D67: =직원정보!C10 -> 바다별 | E67: =직원정보!D10 -> C&S 1팀 | F67: =직원정보!E10 -> 부장 | G67: 4300000 | H67: =ROUND(G67/요율기준!$B$14,0) -> 20574 | I67: 13 | J67: 7 | K67: 350000 | L67: =ROUND(H67*요율기준!$B$15*I67,0) -> 401193 | M67: =ROUND(H67*요율기준!$B$16*J67,0) -> 72009 | N67: 200000 | O67: 100000 | P67: 100000 | Q67: 100000 | R67: 200000 | S67: 200000 | T67: =G67+K67+L67+M67+N67+O67+P67+Q67+R67+S67 -> 6023202 | U67: =Q67+MIN(R67,요율기준!$B$17)+MIN(S67,요율기준!$B$18) -> 500000 | V67: =T67-U67 -> 5523202 | W67: ='4대보험'!F67 -> 248540 | X67: ='4대보험'!H67 -> 195790 | Y67: ='4대보험'!J67 -> 25350 | Z67: ='4대보험'!L67 -> 49700 | AA67: =세금!P67 -> 377260 | AB67: =세금!Q67 -> 37720 | AC67: 0 | AD67: =SUM(W67:AC67) -> 934360 | AE67: =T67-AD67 -> 5088842
A68: 46113 | B68: 6 | C68: =직원정보!B10 -> S0006 | D68: =직원정보!C10 -> 바다별 | E68: =직원정보!D10 -> C&S 1팀 | F68: =직원정보!E10 -> 부장 | G68: 4300000 | H68: =ROUND(G68/요율기준!$B$14,0) -> 20574 | I68: 18 | J68: 10 | K68: 350000 | L68: =ROUND(H68*요율기준!$B$15*I68,0) -> 555498 | M68: =ROUND(H68*요율기준!$B$16*J68,0) -> 102870 | N68: 200000 | O68: 100000 | P68: 100000 | Q68: 100000 | R68: 200000 | S68: 200000 | T68: =G68+K68+L68+M68+N68+O68+P68+Q68+R68+S68 -> 6208368 | U68: =Q68+MIN(R68,요율기준!$B$17)+MIN(S68,요율기준!$B$18) -> 500000 | V68: =T68-U68 -> 5708368 | W68: ='4대보험'!F68 -> 256870 | X68: ='4대보험'!H68 -> 202360 | Y68: ='4대보험'!J68 -> 26200 | Z68: ='4대보험'!L68 -> 51370 | AA68: =세금!P68 -> 401280 | AB68: =세금!Q68 -> 40120 | AC68: 0 | AD68: =SUM(W68:AC68) -> 978200 | AE68: =T68-AD68 -> 5230168
A69: 46143 | B69: 6 | C69: =직원정보!B10 -> S0006 | D69: =직원정보!C10 -> 바다별 | E69: =직원정보!D10 -> C&S 1팀 | F69: =직원정보!E10 -> 부장 | G69: 4300000 | H69: =ROUND(G69/요율기준!$B$14,0) -> 20574 | I69: 23 | J69: 1 | K69: 350000 | L69: =ROUND(H69*요율기준!$B$15*I69,0) -> 709803 | M69: =ROUND(H69*요율기준!$B$16*J69,0) -> 10287 | N69: 200000 | O69: 100000 | P69: 100000 | Q69: 100000 | R69: 200000 | S69: 200000 | T69: =G69+K69+L69+M69+N69+O69+P69+Q69+R69+S69 -> 6270090 | U69: =Q69+MIN(R69,요율기준!$B$17)+MIN(S69,요율기준!$B$18) -> 500000 | V69: =T69-U69 -> 5770090 | W69: ='4대보험'!F69 -> 259650 | X69: ='4대보험'!H69 -> 204540 | Y69: ='4대보험'!J69 -> 26480 | Z69: ='4대보험'!L69 -> 51930 | AA69: =세금!P69 -> 409290 | AB69: =세금!Q69 -> 40920 | AC69: 0 | AD69: =SUM(W69:AC69) -> 992810 | AE69: =T69-AD69 -> 5277280
A70: 46174 | B70: 6 | C70: =직원정보!B10 -> S0006 | D70: =직원정보!C10 -> 바다별 | E70: =직원정보!D10 -> C&S 1팀 | F70: =직원정보!E10 -> 부장 | G70: 4300000 | H70: =ROUND(G70/요율기준!$B$14,0) -> 20574 | I70: 28 | J70: 4 | K70: 350000 | L70: =ROUND(H70*요율기준!$B$15*I70,0) -> 864108 | M70: =ROUND(H70*요율기준!$B$16*J70,0) -> 41148 | N70: 200000 | O70: 100000 | P70: 100000 | Q70: 100000 | R70: 200000 | S70: 200000 | T70: =G70+K70+L70+M70+N70+O70+P70+Q70+R70+S70 -> 6455256 | U70: =Q70+MIN(R70,요율기준!$B$17)+MIN(S70,요율기준!$B$18) -> 500000 | V70: =T70-U70 -> 5955256 | W70: ='4대보험'!F70 -> 267980 | X70: ='4대보험'!H70 -> 211110 | Y70: ='4대보험'!J70 -> 27330 | Z70: ='4대보험'!L70 -> 53590 | AA70: =세금!P70 -> 446650 | AB70: =세금!Q70 -> 44660 | AC70: 0 | AD70: =SUM(W70:AC70) -> 1051320 | AE70: =T70-AD70 -> 5403936
A71: 46204 | B71: 6 | C71: =직원정보!B10 -> S0006 | D71: =직원정보!C10 -> 바다별 | E71: =직원정보!D10 -> C&S 1팀 | F71: =직원정보!E10 -> 부장 | G71: 4300000 | H71: =ROUND(G71/요율기준!$B$14,0) -> 20574 | I71: 8 | J71: 7 | K71: 350000 | L71: =ROUND(H71*요율기준!$B$15*I71,0) -> 246888 | M71: =ROUND(H71*요율기준!$B$16*J71,0) -> 72009 | N71: 200000 | O71: 100000 | P71: 100000 | Q71: 100000 | R71: 200000 | S71: 200000 | T71: =G71+K71+L71+M71+N71+O71+P71+Q71+R71+S71 -> 5868897 | U71: =Q71+MIN(R71,요율기준!$B$17)+MIN(S71,요율기준!$B$18) -> 500000 | V71: =T71-U71 -> 5368897 | W71: ='4대보험'!F71 -> 241600 | X71: ='4대보험'!H71 -> 190320 | Y71: ='4대보험'!J71 -> 24640 | Z71: ='4대보험'!L71 -> 48320 | AA71: =세금!P71 -> 357230 | AB71: =세금!Q71 -> 35720 | AC71: 0 | AD71: =SUM(W71:AC71) -> 897830 | AE71: =T71-AD71 -> 4971067
A72: 46235 | B72: 6 | C72: =직원정보!B10 -> S0006 | D72: =직원정보!C10 -> 바다별 | E72: =직원정보!D10 -> C&S 1팀 | F72: =직원정보!E10 -> 부장 | G72: 4300000 | H72: =ROUND(G72/요율기준!$B$14,0) -> 20574 | I72: 13 | J72: 10 | K72: 350000 | L72: =ROUND(H72*요율기준!$B$15*I72,0) -> 401193 | M72: =ROUND(H72*요율기준!$B$16*J72,0) -> 102870 | N72: 200000 | O72: 100000 | P72: 100000 | Q72: 100000 | R72: 200000 | S72: 200000 | T72: =G72+K72+L72+M72+N72+O72+P72+Q72+R72+S72 -> 6054063 | U72: =Q72+MIN(R72,요율기준!$B$17)+MIN(S72,요율기준!$B$18) -> 500000 | V72: =T72-U72 -> 5554063 | W72: ='4대보험'!F72 -> 249930 | X72: ='4대보험'!H72 -> 196890 | Y72: ='4대보험'!J72 -> 25490 | Z72: ='4대보험'!L72 -> 49980 | AA72: =세금!P72 -> 381260 | AB72: =세금!Q72 -> 38120 | AC72: 0 | AD72: =SUM(W72:AC72) -> 941670 | AE72: =T72-AD72 -> 5112393
A73: 46266 | B73: 6 | C73: =직원정보!B10 -> S0006 | D73: =직원정보!C10 -> 바다별 | E73: =직원정보!D10 -> C&S 1팀 | F73: =직원정보!E10 -> 부장 | G73: 4300000 | H73: =ROUND(G73/요율기준!$B$14,0) -> 20574 | I73: 18 | J73: 1 | K73: 350000 | L73: =ROUND(H73*요율기준!$B$15*I73,0) -> 555498 | M73: =ROUND(H73*요율기준!$B$16*J73,0) -> 10287 | N73: 200000 | O73: 100000 | P73: 100000 | Q73: 100000 | R73: 200000 | S73: 200000 | T73: =G73+K73+L73+M73+N73+O73+P73+Q73+R73+S73 -> 6115785 | U73: =Q73+MIN(R73,요율기준!$B$17)+MIN(S73,요율기준!$B$18) -> 500000 | V73: =T73-U73 -> 5615785 | W73: ='4대보험'!F73 -> 252710 | X73: ='4대보험'!H73 -> 199070 | Y73: ='4대보험'!J73 -> 25770 | Z73: ='4대보험'!L73 -> 50540 | AA73: =세금!P73 -> 389270 | AB73: =세금!Q73 -> 38920 | AC73: 0 | AD73: =SUM(W73:AC73) -> 956280 | AE73: =T73-AD73 -> 5159505
A74: 46296 | B74: 6 | C74: =직원정보!B10 -> S0006 | D74: =직원정보!C10 -> 바다별 | E74: =직원정보!D10 -> C&S 1팀 | F74: =직원정보!E10 -> 부장 | G74: 4300000 | H74: =ROUND(G74/요율기준!$B$14,0) -> 20574 | I74: 23 | J74: 4 | K74: 350000 | L74: =ROUND(H74*요율기준!$B$15*I74,0) -> 709803 | M74: =ROUND(H74*요율기준!$B$16*J74,0) -> 41148 | N74: 200000 | O74: 100000 | P74: 100000 | Q74: 100000 | R74: 200000 | S74: 200000 | T74: =G74+K74+L74+M74+N74+O74+P74+Q74+R74+S74 -> 6300951 | U74: =Q74+MIN(R74,요율기준!$B$17)+MIN(S74,요율기준!$B$18) -> 500000 | V74: =T74-U74 -> 5800951 | W74: ='4대보험'!F74 -> 261040 | X74: ='4대보험'!H74 -> 205640 | Y74: ='4대보험'!J74 -> 26630 | Z74: ='4대보험'!L74 -> 52200 | AA74: =세금!P74 -> 413290 | AB74: =세금!Q74 -> 41320 | AC74: 0 | AD74: =SUM(W74:AC74) -> 1000120 | AE74: =T74-AD74 -> 5300831
A75: 46327 | B75: 6 | C75: =직원정보!B10 -> S0006 | D75: =직원정보!C10 -> 바다별 | E75: =직원정보!D10 -> C&S 1팀 | F75: =직원정보!E10 -> 부장 | G75: 4300000 | H75: =ROUND(G75/요율기준!$B$14,0) -> 20574 | I75: 28 | J75: 7 | K75: 350000 | L75: =ROUND(H75*요율기준!$B$15*I75,0) -> 864108 | M75: =ROUND(H75*요율기준!$B$16*J75,0) -> 72009 | N75: 200000 | O75: 100000 | P75: 100000 | Q75: 100000 | R75: 200000 | S75: 200000 | T75: =G75+K75+L75+M75+N75+O75+P75+Q75+R75+S75 -> 6486117 | U75: =Q75+MIN(R75,요율기준!$B$17)+MIN(S75,요율기준!$B$18) -> 500000 | V75: =T75-U75 -> 5986117 | W75: ='4대보험'!F75 -> 269370 | X75: ='4대보험'!H75 -> 212200 | Y75: ='4대보험'!J75 -> 27470 | Z75: ='4대보험'!L75 -> 53870 | AA75: =세금!P75 -> 450650 | AB75: =세금!Q75 -> 45060 | AC75: 0 | AD75: =SUM(W75:AC75) -> 1058620 | AE75: =T75-AD75 -> 5427497
A76: 46357 | B76: 6 | C76: =직원정보!B10 -> S0006 | D76: =직원정보!C10 -> 바다별 | E76: =직원정보!D10 -> C&S 1팀 | F76: =직원정보!E10 -> 부장 | G76: 4300000 | H76: =ROUND(G76/요율기준!$B$14,0) -> 20574 | I76: 8 | J76: 10 | K76: 350000 | L76: =ROUND(H76*요율기준!$B$15*I76,0) -> 246888 | M76: =ROUND(H76*요율기준!$B$16*J76,0) -> 102870 | N76: 200000 | O76: 100000 | P76: 100000 | Q76: 100000 | R76: 200000 | S76: 200000 | T76: =G76+K76+L76+M76+N76+O76+P76+Q76+R76+S76 -> 5899758 | U76: =Q76+MIN(R76,요율기준!$B$17)+MIN(S76,요율기준!$B$18) -> 500000 | V76: =T76-U76 -> 5399758 | W76: ='4대보험'!F76 -> 242980 | X76: ='4대보험'!H76 -> 191420 | Y76: ='4대보험'!J76 -> 24780 | Z76: ='4대보험'!L76 -> 48590 | AA76: =세금!P76 -> 361240 | AB76: =세금!Q76 -> 36120 | AC76: 0 | AD76: =SUM(W76:AC76) -> 905130 | AE76: =T76-AD76 -> 4994628
A77: 46023 | B77: 7 | C77: =직원정보!B11 -> S0007 | D77: =직원정보!C11 -> 사랑비 | E77: =직원정보!D11 -> C&S 2팀 | F77: =직원정보!E11 -> 차장 | G77: 3900000 | H77: =ROUND(G77/요율기준!$B$14,0) -> 18660 | I77: 31 | J77: 3 | K77: 320000 | L77: =ROUND(H77*요율기준!$B$15*I77,0) -> 867690 | M77: =ROUND(H77*요율기준!$B$16*J77,0) -> 27990 | N77: 150000 | O77: 100000 | P77: 0 | Q77: 100000 | R77: 200000 | S77: 200000 | T77: =G77+K77+L77+M77+N77+O77+P77+Q77+R77+S77 -> 5865680 | U77: =Q77+MIN(R77,요율기준!$B$17)+MIN(S77,요율기준!$B$18) -> 500000 | V77: =T77-U77 -> 5365680 | W77: ='4대보험'!F77 -> 241450 | X77: ='4대보험'!H77 -> 190210 | Y77: ='4대보험'!J77 -> 24630 | Z77: ='4대보험'!L77 -> 48290 | AA77: =세금!P77 -> 356820 | AB77: =세금!Q77 -> 35680 | AC77: 0 | AD77: =SUM(W77:AC77) -> 897080 | AE77: =T77-AD77 -> 4968600
A78: 46054 | B78: 7 | C78: =직원정보!B11 -> S0007 | D78: =직원정보!C11 -> 사랑비 | E78: =직원정보!D11 -> C&S 2팀 | F78: =직원정보!E11 -> 차장 | G78: 3900000 | H78: =ROUND(G78/요율기준!$B$14,0) -> 18660 | I78: 11 | J78: 6 | K78: 320000 | L78: =ROUND(H78*요율기준!$B$15*I78,0) -> 307890 | M78: =ROUND(H78*요율기준!$B$16*J78,0) -> 55980 | N78: 150000 | O78: 100000 | P78: 0 | Q78: 100000 | R78: 200000 | S78: 200000 | T78: =G78+K78+L78+M78+N78+O78+P78+Q78+R78+S78 -> 5333870 | U78: =Q78+MIN(R78,요율기준!$B$17)+MIN(S78,요율기준!$B$18) -> 500000 | V78: =T78-U78 -> 4833870 | W78: ='4대보험'!F78 -> 217520 | X78: ='4대보험'!H78 -> 171360 | Y78: ='4대보험'!J78 -> 22190 | Z78: ='4대보험'!L78 -> 43500 | AA78: =세금!P78 -> 287820 | AB78: =세금!Q78 -> 28780 | AC78: 0 | AD78: =SUM(W78:AC78) -> 771170 | AE78: =T78-AD78 -> 4562700
A79: 46082 | B79: 7 | C79: =직원정보!B11 -> S0007 | D79: =직원정보!C11 -> 사랑비 | E79: =직원정보!D11 -> C&S 2팀 | F79: =직원정보!E11 -> 차장 | G79: 3900000 | H79: =ROUND(G79/요율기준!$B$14,0) -> 18660 | I79: 16 | J79: 9 | K79: 320000 | L79: =ROUND(H79*요율기준!$B$15*I79,0) -> 447840 | M79: =ROUND(H79*요율기준!$B$16*J79,0) -> 83970 | N79: 150000 | O79: 100000 | P79: 0 | Q79: 100000 | R79: 200000 | S79: 200000 | T79: =G79+K79+L79+M79+N79+O79+P79+Q79+R79+S79 -> 5501810 | U79: =Q79+MIN(R79,요율기준!$B$17)+MIN(S79,요율기준!$B$18) -> 500000 | V79: =T79-U79 -> 5001810 | W79: ='4대보험'!F79 -> 225080 | X79: ='4대보험'!H79 -> 177310 | Y79: ='4대보험'!J79 -> 22960 | Z79: ='4대보험'!L79 -> 45010 | AA79: =세금!P79 -> 309610 | AB79: =세금!Q79 -> 30960 | AC79: 0 | AD79: =SUM(W79:AC79) -> 810930 | AE79: =T79-AD79 -> 4690880
A80: 46113 | B80: 7 | C80: =직원정보!B11 -> S0007 | D80: =직원정보!C11 -> 사랑비 | E80: =직원정보!D11 -> C&S 2팀 | F80: =직원정보!E11 -> 차장 | G80: 3900000 | H80: =ROUND(G80/요율기준!$B$14,0) -> 18660 | I80: 21 | J80: 0 | K80: 320000 | L80: =ROUND(H80*요율기준!$B$15*I80,0) -> 587790 | M80: =ROUND(H80*요율기준!$B$16*J80,0) -> 0 | N80: 150000 | O80: 100000 | P80: 0 | Q80: 100000 | R80: 200000 | S80: 200000 | T80: =G80+K80+L80+M80+N80+O80+P80+Q80+R80+S80 -> 5557790 | U80: =Q80+MIN(R80,요율기준!$B$17)+MIN(S80,요율기준!$B$18) -> 500000 | V80: =T80-U80 -> 5057790 | W80: ='4대보험'!F80 -> 227600 | X80: ='4대보험'!H80 -> 179290 | Y80: ='4대보험'!J80 -> 23210 | Z80: ='4대보험'!L80 -> 45520 | AA80: =세금!P80 -> 316870 | AB80: =세금!Q80 -> 31680 | AC80: 0 | AD80: =SUM(W80:AC80) -> 824170 | AE80: =T80-AD80 -> 4733620
A81: 46143 | B81: 7 | C81: =직원정보!B11 -> S0007 | D81: =직원정보!C11 -> 사랑비 | E81: =직원정보!D11 -> C&S 2팀 | F81: =직원정보!E11 -> 차장 | G81: 3900000 | H81: =ROUND(G81/요율기준!$B$14,0) -> 18660 | I81: 26 | J81: 3 | K81: 320000 | L81: =ROUND(H81*요율기준!$B$15*I81,0) -> 727740 | M81: =ROUND(H81*요율기준!$B$16*J81,0) -> 27990 | N81: 150000 | O81: 100000 | P81: 0 | Q81: 100000 | R81: 200000 | S81: 200000 | T81: =G81+K81+L81+M81+N81+O81+P81+Q81+R81+S81 -> 5725730 | U81: =Q81+MIN(R81,요율기준!$B$17)+MIN(S81,요율기준!$B$18) -> 500000 | V81: =T81-U81 -> 5225730 | W81: ='4대보험'!F81 -> 235150 | X81: ='4대보험'!H81 -> 185250 | Y81: ='4대보험'!J81 -> 23980 | Z81: ='4대보험'!L81 -> 47030 | AA81: =세금!P81 -> 338660 | AB81: =세금!Q81 -> 33860 | AC81: 0 | AD81: =SUM(W81:AC81) -> 863930 | AE81: =T81-AD81 -> 4861800
A82: 46174 | B82: 7 | C82: =직원정보!B11 -> S0007 | D82: =직원정보!C11 -> 사랑비 | E82: =직원정보!D11 -> C&S 2팀 | F82: =직원정보!E11 -> 차장 | G82: 3900000 | H82: =ROUND(G82/요율기준!$B$14,0) -> 18660 | I82: 31 | J82: 6 | K82: 320000 | L82: =ROUND(H82*요율기준!$B$15*I82,0) -> 867690 | M82: =ROUND(H82*요율기준!$B$16*J82,0) -> 55980 | N82: 150000 | O82: 100000 | P82: 0 | Q82: 100000 | R82: 200000 | S82: 200000 | T82: =G82+K82+L82+M82+N82+O82+P82+Q82+R82+S82 -> 5893670 | U82: =Q82+MIN(R82,요율기준!$B$17)+MIN(S82,요율기준!$B$18) -> 500000 | V82: =T82-U82 -> 5393670 | W82: ='4대보험'!F82 -> 242710 | X82: ='4대보험'!H82 -> 191200 | Y82: ='4대보험'!J82 -> 24760 | Z82: ='4대보험'!L82 -> 48540 | AA82: =세금!P82 -> 360450 | AB82: =세금!Q82 -> 36040 | AC82: 0 | AD82: =SUM(W82:AC82) -> 903700 | AE82: =T82-AD82 -> 4989970
A83: 46204 | B83: 7 | C83: =직원정보!B11 -> S0007 | D83: =직원정보!C11 -> 사랑비 | E83: =직원정보!D11 -> C&S 2팀 | F83: =직원정보!E11 -> 차장 | G83: 3900000 | H83: =ROUND(G83/요율기준!$B$14,0) -> 18660 | I83: 11 | J83: 9 | K83: 320000 | L83: =ROUND(H83*요율기준!$B$15*I83,0) -> 307890 | M83: =ROUND(H83*요율기준!$B$16*J83,0) -> 83970 | N83: 150000 | O83: 100000 | P83: 0 | Q83: 100000 | R83: 200000 | S83: 200000 | T83: =G83+K83+L83+M83+N83+O83+P83+Q83+R83+S83 -> 5361860 | U83: =Q83+MIN(R83,요율기준!$B$17)+MIN(S83,요율기준!$B$18) -> 500000 | V83: =T83-U83 -> 4861860 | W83: ='4대보험'!F83 -> 218780 | X83: ='4대보험'!H83 -> 172350 | Y83: ='4대보험'!J83 -> 22310 | Z83: ='4대보험'!L83 -> 43750 | AA83: =세금!P83 -> 291450 | AB83: =세금!Q83 -> 29140 | AC83: 0 | AD83: =SUM(W83:AC83) -> 777780 | AE83: =T83-AD83 -> 4584080
A84: 46235 | B84: 7 | C84: =직원정보!B11 -> S0007 | D84: =직원정보!C11 -> 사랑비 | E84: =직원정보!D11 -> C&S 2팀 | F84: =직원정보!E11 -> 차장 | G84: 3900000 | H84: =ROUND(G84/요율기준!$B$14,0) -> 18660 | I84: 16 | J84: 0 | K84: 320000 | L84: =ROUND(H84*요율기준!$B$15*I84,0) -> 447840 | M84: =ROUND(H84*요율기준!$B$16*J84,0) -> 0 | N84: 150000 | O84: 100000 | P84: 0 | Q84: 100000 | R84: 200000 | S84: 200000 | T84: =G84+K84+L84+M84+N84+O84+P84+Q84+R84+S84 -> 5417840 | U84: =Q84+MIN(R84,요율기준!$B$17)+MIN(S84,요율기준!$B$18) -> 500000 | V84: =T84-U84 -> 4917840 | W84: ='4대보험'!F84 -> 221300 | X84: ='4대보험'!H84 -> 174330 | Y84: ='4대보험'!J84 -> 22570 | Z84: ='4대보험'!L84 -> 44260 | AA84: =세금!P84 -> 298710 | AB84: =세금!Q84 -> 29870 | AC84: 0 | AD84: =SUM(W84:AC84) -> 791040 | AE84: =T84-AD84 -> 4626800
A85: 46266 | B85: 7 | C85: =직원정보!B11 -> S0007 | D85: =직원정보!C11 -> 사랑비 | E85: =직원정보!D11 -> C&S 2팀 | F85: =직원정보!E11 -> 차장 | G85: 3900000 | H85: =ROUND(G85/요율기준!$B$14,0) -> 18660 | I85: 21 | J85: 3 | K85: 320000 | L85: =ROUND(H85*요율기준!$B$15*I85,0) -> 587790 | M85: =ROUND(H85*요율기준!$B$16*J85,0) -> 27990 | N85: 150000 | O85: 100000 | P85: 0 | Q85: 100000 | R85: 200000 | S85: 200000 | T85: =G85+K85+L85+M85+N85+O85+P85+Q85+R85+S85 -> 5585780 | U85: =Q85+MIN(R85,요율기준!$B$17)+MIN(S85,요율기준!$B$18) -> 500000 | V85: =T85-U85 -> 5085780 | W85: ='4대보험'!F85 -> 228860 | X85: ='4대보험'!H85 -> 180290 | Y85: ='4대보험'!J85 -> 23340 | Z85: ='4대보험'!L85 -> 45770 | AA85: =세금!P85 -> 320500 | AB85: =세금!Q85 -> 32050 | AC85: 0 | AD85: =SUM(W85:AC85) -> 830810 | AE85: =T85-AD85 -> 4754970
A86: 46296 | B86: 7 | C86: =직원정보!B11 -> S0007 | D86: =직원정보!C11 -> 사랑비 | E86: =직원정보!D11 -> C&S 2팀 | F86: =직원정보!E11 -> 차장 | G86: 3900000 | H86: =ROUND(G86/요율기준!$B$14,0) -> 18660 | I86: 26 | J86: 6 | K86: 320000 | L86: =ROUND(H86*요율기준!$B$15*I86,0) -> 727740 | M86: =ROUND(H86*요율기준!$B$16*J86,0) -> 55980 | N86: 150000 | O86: 100000 | P86: 0 | Q86: 100000 | R86: 200000 | S86: 200000 | T86: =G86+K86+L86+M86+N86+O86+P86+Q86+R86+S86 -> 5753720 | U86: =Q86+MIN(R86,요율기준!$B$17)+MIN(S86,요율기준!$B$18) -> 500000 | V86: =T86-U86 -> 5253720 | W86: ='4대보험'!F86 -> 236410 | X86: ='4대보험'!H86 -> 186240 | Y86: ='4대보험'!J86 -> 24110 | Z86: ='4대보험'!L86 -> 47280 | AA86: =세금!P86 -> 342290 | AB86: =세금!Q86 -> 34220 | AC86: 0 | AD86: =SUM(W86:AC86) -> 870550 | AE86: =T86-AD86 -> 4883170
A87: 46327 | B87: 7 | C87: =직원정보!B11 -> S0007 | D87: =직원정보!C11 -> 사랑비 | E87: =직원정보!D11 -> C&S 2팀 | F87: =직원정보!E11 -> 차장 | G87: 3900000 | H87: =ROUND(G87/요율기준!$B$14,0) -> 18660 | I87: 31 | J87: 9 | K87: 320000 | L87: =ROUND(H87*요율기준!$B$15*I87,0) -> 867690 | M87: =ROUND(H87*요율기준!$B$16*J87,0) -> 83970 | N87: 150000 | O87: 100000 | P87: 0 | Q87: 100000 | R87: 200000 | S87: 200000 | T87: =G87+K87+L87+M87+N87+O87+P87+Q87+R87+S87 -> 5921660 | U87: =Q87+MIN(R87,요율기준!$B$17)+MIN(S87,요율기준!$B$18) -> 500000 | V87: =T87-U87 -> 5421660 | W87: ='4대보험'!F87 -> 243970 | X87: ='4대보험'!H87 -> 192190 | Y87: ='4대보험'!J87 -> 24880 | Z87: ='4대보험'!L87 -> 48790 | AA87: =세금!P87 -> 364080 | AB87: =세금!Q87 -> 36400 | AC87: 0 | AD87: =SUM(W87:AC87) -> 910310 | AE87: =T87-AD87 -> 5011350
A88: 46357 | B88: 7 | C88: =직원정보!B11 -> S0007 | D88: =직원정보!C11 -> 사랑비 | E88: =직원정보!D11 -> C&S 2팀 | F88: =직원정보!E11 -> 차장 | G88: 3900000 | H88: =ROUND(G88/요율기준!$B$14,0) -> 18660 | I88: 11 | J88: 0 | K88: 320000 | L88: =ROUND(H88*요율기준!$B$15*I88,0) -> 307890 | M88: =ROUND(H88*요율기준!$B$16*J88,0) -> 0 | N88: 150000 | O88: 100000 | P88: 0 | Q88: 100000 | R88: 200000 | S88: 200000 | T88: =G88+K88+L88+M88+N88+O88+P88+Q88+R88+S88 -> 5277890 | U88: =Q88+MIN(R88,요율기준!$B$17)+MIN(S88,요율기준!$B$18) -> 500000 | V88: =T88-U88 -> 4777890 | W88: ='4대보험'!F88 -> 215000 | X88: ='4대보험'!H88 -> 169370 | Y88: ='4대보험'!J88 -> 21930 | Z88: ='4대보험'!L88 -> 43000 | AA88: =세금!P88 -> 280550 | AB88: =세금!Q88 -> 28050 | AC88: 0 | AD88: =SUM(W88:AC88) -> 757900 | AE88: =T88-AD88 -> 4519990
A89: 46023 | B89: 8 | C89: =직원정보!B12 -> S0008 | D89: =직원정보!C12 -> 아름찬 | E89: =직원정보!D12 -> SAP팀 | F89: =직원정보!E12 -> 차장 | G89: 3900000 | H89: =ROUND(G89/요율기준!$B$14,0) -> 18660 | I89: 9 | J89: 5 | K89: 320000 | L89: =ROUND(H89*요율기준!$B$15*I89,0) -> 251910 | M89: =ROUND(H89*요율기준!$B$16*J89,0) -> 46650 | N89: 150000 | O89: 100000 | P89: 0 | Q89: 100000 | R89: 200000 | S89: 200000 | T89: =G89+K89+L89+M89+N89+O89+P89+Q89+R89+S89 -> 5268560 | U89: =Q89+MIN(R89,요율기준!$B$17)+MIN(S89,요율기준!$B$18) -> 500000 | V89: =T89-U89 -> 4768560 | W89: ='4대보험'!F89 -> 214580 | X89: ='4대보험'!H89 -> 169040 | Y89: ='4대보험'!J89 -> 21890 | Z89: ='4대보험'!L89 -> 42910 | AA89: =세금!P89 -> 279340 | AB89: =세금!Q89 -> 27930 | AC89: 0 | AD89: =SUM(W89:AC89) -> 755690 | AE89: =T89-AD89 -> 4512870
A90: 46054 | B90: 8 | C90: =직원정보!B12 -> S0008 | D90: =직원정보!C12 -> 아름찬 | E90: =직원정보!D12 -> SAP팀 | F90: =직원정보!E12 -> 차장 | G90: 3900000 | H90: =ROUND(G90/요율기준!$B$14,0) -> 18660 | I90: 14 | J90: 8 | K90: 320000 | L90: =ROUND(H90*요율기준!$B$15*I90,0) -> 391860 | M90: =ROUND(H90*요율기준!$B$16*J90,0) -> 74640 | N90: 150000 | O90: 100000 | P90: 0 | Q90: 100000 | R90: 200000 | S90: 200000 | T90: =G90+K90+L90+M90+N90+O90+P90+Q90+R90+S90 -> 5436500 | U90: =Q90+MIN(R90,요율기준!$B$17)+MIN(S90,요율기준!$B$18) -> 500000 | V90: =T90-U90 -> 4936500 | W90: ='4대보험'!F90 -> 222140 | X90: ='4대보험'!H90 -> 174990 | Y90: ='4대보험'!J90 -> 22660 | Z90: ='4대보험'!L90 -> 44420 | AA90: =세금!P90 -> 301130 | AB90: =세금!Q90 -> 30110 | AC90: 0 | AD90: =SUM(W90:AC90) -> 795450 | AE90: =T90-AD90 -> 4641050
A91: 46082 | B91: 8 | C91: =직원정보!B12 -> S0008 | D91: =직원정보!C12 -> 아름찬 | E91: =직원정보!D12 -> SAP팀 | F91: =직원정보!E12 -> 차장 | G91: 3900000 | H91: =ROUND(G91/요율기준!$B$14,0) -> 18660 | I91: 19 | J91: 11 | K91: 320000 | L91: =ROUND(H91*요율기준!$B$15*I91,0) -> 531810 | M91: =ROUND(H91*요율기준!$B$16*J91,0) -> 102630 | N91: 150000 | O91: 100000 | P91: 0 | Q91: 100000 | R91: 200000 | S91: 200000 | T91: =G91+K91+L91+M91+N91+O91+P91+Q91+R91+S91 -> 5604440 | U91: =Q91+MIN(R91,요율기준!$B$17)+MIN(S91,요율기준!$B$18) -> 500000 | V91: =T91-U91 -> 5104440 | W91: ='4대보험'!F91 -> 229690 | X91: ='4대보험'!H91 -> 180950 | Y91: ='4대보험'!J91 -> 23430 | Z91: ='4대보험'!L91 -> 45930 | AA91: =세금!P91 -> 322920 | AB91: =세금!Q91 -> 32290 | AC91: 0 | AD91: =SUM(W91:AC91) -> 835210 | AE91: =T91-AD91 -> 4769230
A92: 46113 | B92: 8 | C92: =직원정보!B12 -> S0008 | D92: =직원정보!C12 -> 아름찬 | E92: =직원정보!D12 -> SAP팀 | F92: =직원정보!E12 -> 차장 | G92: 3900000 | H92: =ROUND(G92/요율기준!$B$14,0) -> 18660 | I92: 24 | J92: 2 | K92: 320000 | L92: =ROUND(H92*요율기준!$B$15*I92,0) -> 671760 | M92: =ROUND(H92*요율기준!$B$16*J92,0) -> 18660 | N92: 150000 | O92: 100000 | P92: 0 | Q92: 100000 | R92: 200000 | S92: 200000 | T92: =G92+K92+L92+M92+N92+O92+P92+Q92+R92+S92 -> 5660420 | U92: =Q92+MIN(R92,요율기준!$B$17)+MIN(S92,요율기준!$B$18) -> 500000 | V92: =T92-U92 -> 5160420 | W92: ='4대보험'!F92 -> 232210 | X92: ='4대보험'!H92 -> 182930 | Y92: ='4대보험'!J92 -> 23680 | Z92: ='4대보험'!L92 -> 46440 | AA92: =세금!P92 -> 330190 | AB92: =세금!Q92 -> 33010 | AC92: 0 | AD92: =SUM(W92:AC92) -> 848460 | AE92: =T92-AD92 -> 4811960
A93: 46143 | B93: 8 | C93: =직원정보!B12 -> S0008 | D93: =직원정보!C12 -> 아름찬 | E93: =직원정보!D12 -> SAP팀 | F93: =직원정보!E12 -> 차장 | G93: 3900000 | H93: =ROUND(G93/요율기준!$B$14,0) -> 18660 | I93: 29 | J93: 5 | K93: 320000 | L93: =ROUND(H93*요율기준!$B$15*I93,0) -> 811710 | M93: =ROUND(H93*요율기준!$B$16*J93,0) -> 46650 | N93: 150000 | O93: 100000 | P93: 0 | Q93: 100000 | R93: 200000 | S93: 200000 | T93: =G93+K93+L93+M93+N93+O93+P93+Q93+R93+S93 -> 5828360 | U93: =Q93+MIN(R93,요율기준!$B$17)+MIN(S93,요율기준!$B$18) -> 500000 | V93: =T93-U93 -> 5328360 | W93: ='4대보험'!F93 -> 239770 | X93: ='4대보험'!H93 -> 188890 | Y93: ='4대보험'!J93 -> 24460 | Z93: ='4대보험'!L93 -> 47950 | AA93: =세금!P93 -> 351980 | AB93: =세금!Q93 -> 35190 | AC93: 0 | AD93: =SUM(W93:AC93) -> 888240 | AE93: =T93-AD93 -> 4940120
A94: 46174 | B94: 8 | C94: =직원정보!B12 -> S0008 | D94: =직원정보!C12 -> 아름찬 | E94: =직원정보!D12 -> SAP팀 | F94: =직원정보!E12 -> 차장 | G94: 3900000 | H94: =ROUND(G94/요율기준!$B$14,0) -> 18660 | I94: 9 | J94: 8 | K94: 320000 | L94: =ROUND(H94*요율기준!$B$15*I94,0) -> 251910 | M94: =ROUND(H94*요율기준!$B$16*J94,0) -> 74640 | N94: 150000 | O94: 100000 | P94: 0 | Q94: 100000 | R94: 200000 | S94: 200000 | T94: =G94+K94+L94+M94+N94+O94+P94+Q94+R94+S94 -> 5296550 | U94: =Q94+MIN(R94,요율기준!$B$17)+MIN(S94,요율기준!$B$18) -> 500000 | V94: =T94-U94 -> 4796550 | W94: ='4대보험'!F94 -> 215840 | X94: ='4대보험'!H94 -> 170030 | Y94: ='4대보험'!J94 -> 22010 | Z94: ='4대보험'!L94 -> 43160 | AA94: =세금!P94 -> 282970 | AB94: =세금!Q94 -> 28290 | AC94: 0 | AD94: =SUM(W94:AC94) -> 762300 | AE94: =T94-AD94 -> 4534250
A95: 46204 | B95: 8 | C95: =직원정보!B12 -> S0008 | D95: =직원정보!C12 -> 아름찬 | E95: =직원정보!D12 -> SAP팀 | F95: =직원정보!E12 -> 차장 | G95: 3900000 | H95: =ROUND(G95/요율기준!$B$14,0) -> 18660 | I95: 14 | J95: 11 | K95: 320000 | L95: =ROUND(H95*요율기준!$B$15*I95,0) -> 391860 | M95: =ROUND(H95*요율기준!$B$16*J95,0) -> 102630 | N95: 150000 | O95: 100000 | P95: 0 | Q95: 100000 | R95: 200000 | S95: 200000 | T95: =G95+K95+L95+M95+N95+O95+P95+Q95+R95+S95 -> 5464490 | U95: =Q95+MIN(R95,요율기준!$B$17)+MIN(S95,요율기준!$B$18) -> 500000 | V95: =T95-U95 -> 4964490 | W95: ='4대보험'!F95 -> 223400 | X95: ='4대보험'!H95 -> 175990 | Y95: ='4대보험'!J95 -> 22790 | Z95: ='4대보험'!L95 -> 44680 | AA95: =세금!P95 -> 304760 | AB95: =세금!Q95 -> 30470 | AC95: 0 | AD95: =SUM(W95:AC95) -> 802090 | AE95: =T95-AD95 -> 4662400
A96: 46235 | B96: 8 | C96: =직원정보!B12 -> S0008 | D96: =직원정보!C12 -> 아름찬 | E96: =직원정보!D12 -> SAP팀 | F96: =직원정보!E12 -> 차장 | G96: 3900000 | H96: =ROUND(G96/요율기준!$B$14,0) -> 18660 | I96: 19 | J96: 2 | K96: 320000 | L96: =ROUND(H96*요율기준!$B$15*I96,0) -> 531810 | M96: =ROUND(H96*요율기준!$B$16*J96,0) -> 18660 | N96: 150000 | O96: 100000 | P96: 0 | Q96: 100000 | R96: 200000 | S96: 200000 | T96: =G96+K96+L96+M96+N96+O96+P96+Q96+R96+S96 -> 5520470 | U96: =Q96+MIN(R96,요율기준!$B$17)+MIN(S96,요율기준!$B$18) -> 500000 | V96: =T96-U96 -> 5020470 | W96: ='4대보험'!F96 -> 225920 | X96: ='4대보험'!H96 -> 177970 | Y96: ='4대보험'!J96 -> 23040 | Z96: ='4대보험'!L96 -> 45180 | AA96: =세금!P96 -> 312030 | AB96: =세금!Q96 -> 31200 | AC96: 0 | AD96: =SUM(W96:AC96) -> 815340 | AE96: =T96-AD96 -> 4705130
A97: 46266 | B97: 8 | C97: =직원정보!B12 -> S0008 | D97: =직원정보!C12 -> 아름찬 | E97: =직원정보!D12 -> SAP팀 | F97: =직원정보!E12 -> 차장 | G97: 3900000 | H97: =ROUND(G97/요율기준!$B$14,0) -> 18660 | I97: 24 | J97: 5 | K97: 320000 | L97: =ROUND(H97*요율기준!$B$15*I97,0) -> 671760 | M97: =ROUND(H97*요율기준!$B$16*J97,0) -> 46650 | N97: 150000 | O97: 100000 | P97: 0 | Q97: 100000 | R97: 200000 | S97: 200000 | T97: =G97+K97+L97+M97+N97+O97+P97+Q97+R97+S97 -> 5688410 | U97: =Q97+MIN(R97,요율기준!$B$17)+MIN(S97,요율기준!$B$18) -> 500000 | V97: =T97-U97 -> 5188410 | W97: ='4대보험'!F97 -> 233470 | X97: ='4대보험'!H97 -> 183920 | Y97: ='4대보험'!J97 -> 23810 | Z97: ='4대보험'!L97 -> 46690 | AA97: =세금!P97 -> 333820 | AB97: =세금!Q97 -> 33380 | AC97: 0 | AD97: =SUM(W97:AC97) -> 855090 | AE97: =T97-AD97 -> 4833320
A98: 46296 | B98: 8 | C98: =직원정보!B12 -> S0008 | D98: =직원정보!C12 -> 아름찬 | E98: =직원정보!D12 -> SAP팀 | F98: =직원정보!E12 -> 차장 | G98: 3900000 | H98: =ROUND(G98/요율기준!$B$14,0) -> 18660 | I98: 29 | J98: 8 | K98: 320000 | L98: =ROUND(H98*요율기준!$B$15*I98,0) -> 811710 | M98: =ROUND(H98*요율기준!$B$16*J98,0) -> 74640 | N98: 150000 | O98: 100000 | P98: 0 | Q98: 100000 | R98: 200000 | S98: 200000 | T98: =G98+K98+L98+M98+N98+O98+P98+Q98+R98+S98 -> 5856350 | U98: =Q98+MIN(R98,요율기준!$B$17)+MIN(S98,요율기준!$B$18) -> 500000 | V98: =T98-U98 -> 5356350 | W98: ='4대보험'!F98 -> 241030 | X98: ='4대보험'!H98 -> 189880 | Y98: ='4대보험'!J98 -> 24580 | Z98: ='4대보험'!L98 -> 48200 | AA98: =세금!P98 -> 355610 | AB98: =세금!Q98 -> 35560 | AC98: 0 | AD98: =SUM(W98:AC98) -> 894860 | AE98: =T98-AD98 -> 4961490
A99: 46327 | B99: 8 | C99: =직원정보!B12 -> S0008 | D99: =직원정보!C12 -> 아름찬 | E99: =직원정보!D12 -> SAP팀 | F99: =직원정보!E12 -> 차장 | G99: 3900000 | H99: =ROUND(G99/요율기준!$B$14,0) -> 18660 | I99: 9 | J99: 11 | K99: 320000 | L99: =ROUND(H99*요율기준!$B$15*I99,0) -> 251910 | M99: =ROUND(H99*요율기준!$B$16*J99,0) -> 102630 | N99: 150000 | O99: 100000 | P99: 0 | Q99: 100000 | R99: 200000 | S99: 200000 | T99: =G99+K99+L99+M99+N99+O99+P99+Q99+R99+S99 -> 5324540 | U99: =Q99+MIN(R99,요율기준!$B$17)+MIN(S99,요율기준!$B$18) -> 500000 | V99: =T99-U99 -> 4824540 | W99: ='4대보험'!F99 -> 217100 | X99: ='4대보험'!H99 -> 171020 | Y99: ='4대보험'!J99 -> 22140 | Z99: ='4대보험'!L99 -> 43420 | AA99: =세금!P99 -> 286600 | AB99: =세금!Q99 -> 28660 | AC99: 0 | AD99: =SUM(W99:AC99) -> 768940 | AE99: =T99-AD99 -> 4555600
A100: 46357 | B100: 8 | C100: =직원정보!B12 -> S0008 | D100: =직원정보!C12 -> 아름찬 | E100: =직원정보!D12 -> SAP팀 | F100: =직원정보!E12 -> 차장 | G100: 3900000 | H100: =ROUND(G100/요율기준!$B$14,0) -> 18660 | I100: 14 | J100: 2 | K100: 320000 | L100: =ROUND(H100*요율기준!$B$15*I100,0) -> 391860 | M100: =ROUND(H100*요율기준!$B$16*J100,0) -> 18660 | N100: 150000 | O100: 100000 | P100: 0 | Q100: 100000 | R100: 200000 | S100: 200000 | T100: =G100+K100+L100+M100+N100+O100+P100+Q100+R100+S100 -> 5380520 | U100: =Q100+MIN(R100,요율기준!$B$17)+MIN(S100,요율기준!$B$18) -> 500000 | V100: =T100-U100 -> 4880520 | W100: ='4대보험'!F100 -> 219620 | X100: ='4대보험'!H100 -> 173010 | Y100: ='4대보험'!J100 -> 22400 | Z100: ='4대보험'!L100 -> 43920 | AA100: =세금!P100 -> 293870 | AB100: =세금!Q100 -> 29380 | AC100: 0 | AD100: =SUM(W100:AC100) -> 782200 | AE100: =T100-AD100 -> 4598320
...

Sheet 4대보험
A1: 4대보험 부담금 내역 (자동계산) — 성명 필터 가능
A2: ※ 보수월액=급여대장 과세급여. 요율은 '요율기준' 참조, 10원 미만 절사(TRUNC). | E2: =SUBTOTAL(109,E5:E220) -> 999745137 | F2: =SUBTOTAL(109,F5:F220) -> 44543040 | G2: =SUBTOTAL(109,G5:G220) -> 44543040 | H2: =SUBTOTAL(109,H5:H220) -> 35439950 | I2: =SUBTOTAL(109,I5:I220) -> 35439950 | J2: =SUBTOTAL(109,J5:J220) -> 4588390 | K2: =SUBTOTAL(109,K5:K220) -> 4588390 | L2: =SUBTOTAL(109,L5:L220) -> 8996700 | ... Q2: =SUBTOTAL(109,Q5:Q220) -> 204330800
A3: 기본정보 | E3: 보수월액 | F3: 국민연금 | H3: 건강보험 | J3: 장기요양 | L3: 고용보험 | N3: 산재 | O3: 부담 합계
A4: 귀속월 | B4: NO | C4: 성명 | D4: 부서 | E4: 보수월액 | F4: 근로자 | G4: 회사 | H4: 근로자 | I4: 회사 | J4: 근로자 | K4: 회사 | L4: 근로자 | M4: 회사 | N4: 회사 | O4: 근로자 부담계 | P4: 회사 부담계 | Q4: 총부담액
A5: =급여대장!A5 -> 46023 | B5: 1 | C5: =급여대장!D5 -> 가온누리 | D5: =급여대장!E5 -> 대표이사실 | E5: =급여대장!V5 -> 7100000 | F5: =TRUNC(MIN(MAX(E5,요율기준!$B$6),요율기준!$B$5)*요율기준!$B$4,-1) -> 286650 | G5: =F5 -> 286650 | H5: =TRUNC(E5*요율기준!$B$7,-1) -> 251690 | I5: =H5 -> 251690 | J5: =TRUNC(H5*요율기준!$B$8,-1) -> 32590 | K5: =J5 -> 32590 | L5: =TRUNC(E5*요율기준!$B$9,-1) -> 63900 | M5: =TRUNC(E5*요율기준!$B$10,-1) -> 81650 | N5: =TRUNC(E5*요율기준!$B$11,-1) -> 104370 | O5: =F5+H5+J5+L5 -> 634830 | P5: =G5+I5+K5+M5+N5 -> 756950 | Q5: =O5+P5 -> 1391780
A6: =급여대장!A6 -> 46054 | B6: 1 | C6: =급여대장!D6 -> 가온누리 | D6: =급여대장!E6 -> 대표이사실 | E6: =급여대장!V6 -> 7286600 | F6: =TRUNC(MIN(MAX(E6,요율기준!$B$6),요율기준!$B$5)*요율기준!$B$4,-1) -> 286650 | G6: =F6 -> 286650 | H6: =TRUNC(E6*요율기준!$B$7,-1) -> 258300 | I6: =H6 -> 258300 | J6: =TRUNC(H6*요율기준!$B$8,-1) -> 33440 | K6: =J6 -> 33440 | L6: =TRUNC(E6*요율기준!$B$9,-1) -> 65570 | M6: =TRUNC(E6*요율기준!$B$10,-1) -> 83790 | N6: =TRUNC(E6*요율기준!$B$11,-1) -> 107110 | O6: =F6+H6+J6+L6 -> 643960 | P6: =G6+I6+K6+M6+N6 -> 769290 | Q6: =O6+P6 -> 1413250
A7: =급여대장!A7 -> 46082 | B7: 1 | C7: =급여대장!D7 -> 가온누리 | D7: =급여대장!E7 -> 대표이사실 | E7: =급여대장!V7 -> 7100000 | F7: =TRUNC(MIN(MAX(E7,요율기준!$B$6),요율기준!$B$5)*요율기준!$B$4,-1) -> 286650 | G7: =F7 -> 286650 | H7: =TRUNC(E7*요율기준!$B$7,-1) -> 251690 | I7: =H7 -> 251690 | J7: =TRUNC(H7*요율기준!$B$8,-1) -> 32590 | K7: =J7 -> 32590 | L7: =TRUNC(E7*요율기준!$B$9,-1) -> 63900 | M7: =TRUNC(E7*요율기준!$B$10,-1) -> 81650 | N7: =TRUNC(E7*요율기준!$B$11,-1) -> 104370 | O7: =F7+H7+J7+L7 -> 634830 | P7: =G7+I7+K7+M7+N7 -> 756950 | Q7: =O7+P7 -> 1391780
A8: =급여대장!A8 -> 46113 | B8: 1 | C8: =급여대장!D8 -> 가온누리 | D8: =급여대장!E8 -> 대표이사실 | E8: =급여대장!V8 -> 7286600 | F8: =TRUNC(MIN(MAX(E8,요율기준!$B$6),요율기준!$B$5)*요율기준!$B$4,-1) -> 286650 | G8: =F8 -> 286650 | H8: =TRUNC(E8*요율기준!$B$7,-1) -> 258300 | I8: =H8 -> 258300 | J8: =TRUNC(H8*요율기준!$B$8,-1) -> 33440 | K8: =J8 -> 33440 | L8: =TRUNC(E8*요율기준!$B$9,-1) -> 65570 | M8: =TRUNC(E8*요율기준!$B$10,-1) -> 83790 | N8: =TRUNC(E8*요율기준!$B$11,-1) -> 107110 | O8: =F8+H8+J8+L8 -> 643960 | P8: =G8+I8+K8+M8+N8 -> 769290 | Q8: =O8+P8 -> 1413250
A9: =급여대장!A9 -> 46143 | B9: 1 | C9: =급여대장!D9 -> 가온누리 | D9: =급여대장!E9 -> 대표이사실 | E9: =급여대장!V9 -> 7100000 | F9: =TRUNC(MIN(MAX(E9,요율기준!$B$6),요율기준!$B$5)*요율기준!$B$4,-1) -> 286650 | G9: =F9 -> 286650 | H9: =TRUNC(E9*요율기준!$B$7,-1) -> 251690 | I9: =H9 -> 251690 | J9: =TRUNC(H9*요율기준!$B$8,-1) -> 32590 | K9: =J9 -> 32590 | L9: =TRUNC(E9*요율기준!$B$9,-1) -> 63900 | M9: =TRUNC(E9*요율기준!$B$10,-1) -> 81650 | N9: =TRUNC(E9*요율기준!$B$11,-1) -> 104370 | O9: =F9+H9+J9+L9 -> 634830 | P9: =G9+I9+K9+M9+N9 -> 756950 | Q9: =O9+P9 -> 1391780
A10: =급여대장!A10 -> 46174 | B10: 1 | C10: =급여대장!D10 -> 가온누리 | D10: =급여대장!E10 -> 대표이사실 | E10: =급여대장!V10 -> 7286600 | F10: =TRUNC(MIN(MAX(E10,요율기준!$B$6),요율기준!$B$5)*요율기준!$B$4,-1) -> 286650 | G10: =F10 -> 286650 | H10: =TRUNC(E10*요율기준!$B$7,-1) -> 258300 | I10: =H10 -> 258300 | J10: =TRUNC(H10*요율기준!$B$8,-1) -> 33440 | K10: =J10 -> 33440 | L10: =TRUNC(E10*요율기준!$B$9,-1) -> 65570 | M10: =TRUNC(E10*요율기준!$B$10,-1) -> 83790 | N10: =TRUNC(E10*요율기준!$B$11,-1) -> 107110 | O10: =F10+H10+J10+L10 -> 643960 | P10: =G10+I10+K10+M10+N10 -> 769290 | Q10: =O10+P10 -> 1413250
A11: =급여대장!A11 -> 46204 | B11: 1 | C11: =급여대장!D11 -> 가온누리 | D11: =급여대장!E11 -> 대표이사실 | E11: =급여대장!V11 -> 7100000 | F11: =TRUNC(MIN(MAX(E11,요율기준!$B$6),요율기준!$B$5)*요율기준!$B$4,-1) -> 286650 | G11: =F11 -> 286650 | H11: =TRUNC(E11*요율기준!$B$7,-1) -> 251690 | I11: =H11 -> 251690 | J11: =TRUNC(H11*요율기준!$B$8,-1) -> 32590 | K11: =J11 -> 32590 | L11: =TRUNC(E11*요율기준!$B$9,-1) -> 63900 | M11: =TRUNC(E11*요율기준!$B$10,-1) -> 81650 | N11: =TRUNC(E11*요율기준!$B$11,-1) -> 104370 | O11: =F11+H11+J11+L11 -> 634830 | P11: =G11+I11+K11+M11+N11 -> 756950 | Q11: =O11+P11 -> 1391780
A12: =급여대장!A12 -> 46235 | B12: 1 | C12: =급여대장!D12 -> 가온누리 | D12: =급여대장!E12 -> 대표이사실 | E12: =급여대장!V12 -> 7286600 | F12: =TRUNC(MIN(MAX(E12,요율기준!$B$6),요율기준!$B$5)*요율기준!$B$4,-1) -> 286650 | G12: =F12 -> 286650 | H12: =TRUNC(E12*요율기준!$B$7,-1) -> 258300 | I12: =H12 -> 258300 | J12: =TRUNC(H12*요율기준!$B$8,-1) -> 33440 | K12: =J12 -> 33440 | L12: =TRUNC(E12*요율기준!$B$9,-1) -> 65570 | M12: =TRUNC(E12*요율기준!$B$10,-1) -> 83790 | N12: =TRUNC(E12*요율기준!$B$11,-1) -> 107110 | O12: =F12+H12+J12+L12 -> 643960 | P12: =G12+I12+K12+M12+N12 -> 769290 | Q12: =O12+P12 -> 1413250
A13: =급여대장!A13 -> 46266 | B13: 1 | C13: =급여대장!D13 -> 가온누리 | D13: =급여대장!E13 -> 대표이사실 | E13: =급여대장!V13 -> 7100000 | F13: =TRUNC(MIN(MAX(E13,요율기준!$B$6),요율기준!$B$5)*요율기준!$B$4,-1) -> 286650 | G13: =F13 -> 286650 | H13: =TRUNC(E13*요율기준!$B$7,-1) -> 251690 | I13: =H13 -> 251690 | J13: =TRUNC(H13*요율기준!$B$8,-1) -> 32590 | K13: =J13 -> 32590 | L13: =TRUNC(E13*요율기준!$B$9,-1) -> 63900 | M13: =TRUNC(E13*요율기준!$B$10,-1) -> 81650 | N13: =TRUNC(E13*요율기준!$B$11,-1) -> 104370 | O13: =F13+H13+J13+L13 -> 634830 | P13: =G13+I13+K13+M13+N13 -> 756950 | Q13: =O13+P13 -> 1391780
A14: =급여대장!A14 -> 46296 | B14: 1 | C14: =급여대장!D14 -> 가온누리 | D14: =급여대장!E14 -> 대표이사실 | E14: =급여대장!V14 -> 7286600 | F14: =TRUNC(MIN(MAX(E14,요율기준!$B$6),요율기준!$B$5)*요율기준!$B$4,-1) -> 286650 | G14: =F14 -> 286650 | H14: =TRUNC(E14*요율기준!$B$7,-1) -> 258300 | I14: =H14 -> 258300 | J14: =TRUNC(H14*요율기준!$B$8,-1) -> 33440 | K14: =J14 -> 33440 | L14: =TRUNC(E14*요율기준!$B$9,-1) -> 65570 | M14: =TRUNC(E14*요율기준!$B$10,-1) -> 83790 | N14: =TRUNC(E14*요율기준!$B$11,-1) -> 107110 | O14: =F14+H14+J14+L14 -> 643960 | P14: =G14+I14+K14+M14+N14 -> 769290 | Q14: =O14+P14 -> 1413250
A15: =급여대장!A15 -> 46327 | B15: 1 | C15: =급여대장!D15 -> 가온누리 | D15: =급여대장!E15 -> 대표이사실 | E15: =급여대장!V15 -> 7100000 | F15: =TRUNC(MIN(MAX(E15,요율기준!$B$6),요율기준!$B$5)*요율기준!$B$4,-1) -> 286650 | G15: =F15 -> 286650 | H15: =TRUNC(E15*요율기준!$B$7,-1) -> 251690 | I15: =H15 -> 251690 | J15: =TRUNC(H15*요율기준!$B$8,-1) -> 32590 | K15: =J15 -> 32590 | L15: =TRUNC(E15*요율기준!$B$9,-1) -> 63900 | M15: =TRUNC(E15*요율기준!$B$10,-1) -> 81650 | N15: =TRUNC(E15*요율기준!$B$11,-1) -> 104370 | O15: =F15+H15+J15+L15 -> 634830 | P15: =G15+I15+K15+M15+N15 -> 756950 | Q15: =O15+P15 -> 1391780
A16: =급여대장!A16 -> 46357 | B16: 1 | C16: =급여대장!D16 -> 가온누리 | D16: =급여대장!E16 -> 대표이사실 | E16: =급여대장!V16 -> 7286600 | F16: =TRUNC(MIN(MAX(E16,요율기준!$B$6),요율기준!$B$5)*요율기준!$B$4,-1) -> 286650 | G16: =F16 -> 286650 | H16: =TRUNC(E16*요율기준!$B$7,-1) -> 258300 | I16: =H16 -> 258300 | J16: =TRUNC(H16*요율기준!$B$8,-1) -> 33440 | K16: =J16 -> 33440 | L16: =TRUNC(E16*요율기준!$B$9,-1) -> 65570 | M16: =TRUNC(E16*요율기준!$B$10,-1) -> 83790 | N16: =TRUNC(E16*요율기준!$B$11,-1) -> 107110 | O16: =F16+H16+J16+L16 -> 643960 | P16: =G16+I16+K16+M16+N16 -> 769290 | Q16: =O16+P16 -> 1413250
... A220: =급여대장!A220 -> 46357 | B220: 18 | C220: =급여대장!D220 -> 온새미 | D220: =급여대장!E220 -> 현장지원 | E220: =급여대장!V220 -> 3452787 | F220: =TRUNC(MIN(MAX(E220,요율기준!$B$6),요율기준!$B$5)*요율기준!$B$4,-1) -> 155370 | G220: =F220 -> 155370 | H220: =TRUNC(E220*요율기준!$B$7,-1) -> 122400 | I220: =H220 -> 122400 | J220: =TRUNC(H220*요율기준!$B$8,-1) -> 15850 | K220: =J220 -> 15850 | L220: =TRUNC(E220*요율기준!$B$9,-1) -> 31070 | M220: =TRUNC(E220*요율기준!$B$10,-1) -> 39700 | N220: =TRUNC(E220*요율기준!$B$11,-1) -> 50750 | O220: =F220+H220+J220+L220 -> 324690 | P220: =G220+I220+K220+M220+N220 -> 384070 | Q220: =O220+P220 -> 708760

Sheet 세금
A1: 근로소득세(갑근세)·지방소득세 산출 (자동계산) — 성명 필터 가능
A2: ※ 근로소득 간이세액표 산출 로직의 근사치입니다. 신고 전 홈택스 간이세액표와 대조하세요. 10원 미만 절사. | E2: =SUBTOTAL(109,E5:E220) -> 999745137 | P2: =SUBTOTAL(109,P5:P220) -> 57938410 | Q2: =SUBTOTAL(109,Q5:Q220) -> 5792900 | R2: =SUBTOTAL(109,R5:R220) -> 63731310
A4: 귀속월 | B4: NO | C4: 성명 | D4: 부양 가족수 | E4: 월 과세급여 | F4: 연간환산 | G4: 근로소득 공제 | H4: 근로소득 금액 | I4: 인적공제 | J4: 연금보험료 공제 | K4: 특별공제 (가정) | L4: 과세표준 | M4: 산출세액(연) | N4: 근로소득 세액공제 | O4: 결정세액(연) | P4: 소득세(월) | Q4: 지방소득세(월) | R4: 원천징수계(월)
A5: =급여대장!A5 -> 46023 | B5: 1 | C5: =급여대장!D5 -> 가온누리 | D5: =직원정보!I5 -> 1 | E5: =급여대장!V5 -> 7100000 | F5: =E5*12 -> 85200000 | G5: =MIN(20000000,IF(F5<=5000000,F5*0.7,IF(F5<=15000000,3500000+(F5-5000000)*0.4,IF(F5<=45000000,7500000+(F5-15000000)*0.15,IF(F5<=100000000,12000000+(F5-45000000)*0.05,14750000+(F5-100000000)*0.02))))) -> 14010000 | H5: =F5-G5 -> 71190000 | I5: =D5*요율기준!$B$13 -> 1500000 | J5: ='4대보험'!F5*12 -> 3439800 | K5: =IF(D5=1,3100000+F5*0.04,IF(D5=2,3600000+F5*0.04,5000000+F5*0.07)) -> 6508000 | L5: =MAX(0,H5-I5-J5-K5) -> 59742200 | M5: =IF(L5<=14000000,L5*0.06,IF(L5<=50000000,840000+(L5-14000000)*0.15,IF(L5<=88000000,6240000+(L5-50000000)*0.24,IF(L5<=150000000,15360000+(L5-88000000)*0.35,IF(L5<=300000000,37060000+(L5-150000000)*0.38,IF(L5<=500000000,94060000+(L5-300000000)*0.4,IF(L5<=1000000000,174060000+(L5-500000000)*0.42,384060000+(L5-1000000000)*0.45))))))) -> 8578128 | N5: =MIN(IF(M5<=1300000,M5*0.55,715000+(M5-1300000)*0.3),IF(F5<=33000000,740000,IF(F5<=70000000,MAX(660000,740000-(F5-33000000)*0.008),MAX(500000,660000-(F5-70000000)*0.5)))) -> 500000 | O5: =MAX(0,M5-N5) -> 8078128 | P5: =TRUNC(O5/12,-1) -> 673170 | Q5: =TRUNC(P5*요율기준!$B$12,-1) -> 67310 | R5: =P5+Q5 -> 740480
A6: =급여대장!A6 -> 46054 | B6: 1 | C6: =급여대장!D6 -> 가온누리 | D6: =직원정보!I5 -> 1 | E6: =급여대장!V6 -> 7286600 | F6: =E6*12 -> 87439200 | G6: =MIN(20000000,IF(F6<=5000000,F6*0.7,IF(F6<=15000000,3500000+(F6-5000000)*0.4,IF(F6<=45000000,7500000+(F6-15000000)*0.15,IF(F6<=100000000,12000000+(F6-45000000)*0.05,14750000+(F6-100000000)*0.02))))) -> 14121960 | H6: =F6-G6 -> 73317240 | I6: =D6*요율기준!$B$13 -> 1500000 | J6: ='4대보험'!F6*12 -> 3439800 | K6: =IF(D6=1,3100000+F6*0.04,IF(D6=2,3600000+F6*0.04,5000000+F6*0.07)) -> 6597568 | L6: =MAX(0,H6-I6-J6-K6) -> 61779872 | M6: =IF(L6<=14000000,L6*0.06,IF(L6<=50000000,840000+(L6-14000000)*0.15,IF(L6<=88000000,6240000+(L6-50000000)*0.24,IF(L6<=150000000,15360000+(L6-88000000)*0.35,IF(L6<=300000000,37060000+(L6-150000000)*0.38,IF(L6<=500000000,94060000+(L6-300000000)*0.4,IF(L6<=1000000000,174060000+(L6-500000000)*0.42,384060000+(L6-1000000000)*0.45))))))) -> 9067169.3 | N6: =MIN(IF(M6<=1300000,M6*0.55,715000+(M6-1300000)*0.3),IF(F6<=33000000,740000,IF(F6<=70000000,MAX(660000,740000-(F6-33000000)*0.008),MAX(500000,660000-(F6-70000000)*0.5)))) -> 500000 | O6: =MAX(0,M6-N6) -> 8567169.3 | P6: =TRUNC(O6/12,-1) -> 713930 | Q6: =TRUNC(P6*요율기준!$B$12,-1) -> 71390 | R6: =P6+Q6 -> 785320
A7: =급여대장!A7 -> 46082 | B7: 1 | C7: =급여대장!D7 -> 가온누리 | D7: =직원정보!I5 -> 1 | E7: =급여대장!V7 -> 7100000 | F7: =E7*12 -> 85200000 | G7: =MIN(20000000,IF(F7<=5000000,F7*0.7,IF(F7<=15000000,3500000+(F7-5000000)*0.4,IF(F7<=45000000,7500000+(F7-15000000)*0.15,IF(F7<=100000000,12000000+(F7-45000000)*0.05,14750000+(F7-100000000)*0.02))))) -> 14010000 | H7: =F7-G7 -> 71190000 | I7: =D7*요율기준!$B$13 -> 1500000 | J7: ='4대보험'!F7*12 -> 3439800 | K7: =IF(D7=1,3100000+F7*0.04,IF(D7=2,3600000+F7*0.04,5000000+F7*0.07)) -> 6508000 | L7: =MAX(0,H7-I7-J7-K7) -> 59742200 | M7: =IF(L7<=14000000,L7*0.06,IF(L7<=50000000,840000+(L7-14000000)*0.15,IF(L7<=88000000,6240000+(L7-50000000)*0.24,IF(L7<=150000000,15360000+(L7-88000000)*0.35,IF(L7<=300000000,37060000+(L7-150000000)*0.38,IF(L7<=500000000,94060000+(L7-300000000)*0.4,IF(L7<=1000000000,174060000+(L7-500000000)*0.42,384060000+(L7-1000000000)*0.45))))))) -> 8578128 | N7: =MIN(IF(M7<=1300000,M7*0.55,715000+(M7-1300000)*0.3),IF(F7<=33000000,740000,IF(F7<=70000000,MAX(660000,740000-(F7-33000000)*0.008),MAX(500000,660000-(F7-70000000)*0.5)))) -> 500000 | O7: =MAX(0,M7-N7) -> 8078128 | P7: =TRUNC(O7/12,-1) -> 673170 | Q7: =TRUNC(P7*요율기준!$B$12,-1) -> 67310 | R7: =P7+Q7 -> 740480
A8: =급여대장!A8 -> 46113 | B8: 1 | C8: =급여대장!D8 -> 가온누리 | D8: =직원정보!I5 -> 1 | E8: =급여대장!V8 -> 7286600 | F8: =E8*12 -> 87439200 | G8: =MIN(20000000,IF(F8<=5000000,F8*0.7,IF(F8<=15000000,3500000+(F8-5000000)*0.4,IF(F8<=45000000,7500000+(F8-15000000)*0.15,IF(F8<=100000000,12000000+(F8-45000000)*0.05,14750000+(F8-100000000)*0.02))))) -> 14121960 | H8: =F8-G8 -> 73317240 | I8: =D8*요율기준!$B$13 -> 1500000 | J8: ='4대보험'!F8*12 -> 3439800 | K8: =IF(D8=1,3100000+F8*0.04,IF(D8=2,3600000+F8*0.04,5000000+F8*0.07)) -> 6597568 | L8: =MAX(0,H8-I8-J8-K8) -> 61779872 | M8: =IF(L8<=14000000,L8*0.06,IF(L8<=50000000,840000+(L8-14000000)*0.15,IF(L8<=88000000,6240000+(L8-50000000)*0.24,IF(L8<=150000000,15360000+(L8-88000000)*0.35,IF(L8<=300000000,37060000+(L8-150000000)*0.38,IF(L8<=500000000,94060000+(L8-300000000)*0.4,IF(L8<=1000000000,174060000+(L8-500000000)*0.42,384060000+(L8-1000000000)*0.45))))))) -> 9067169.3 | N8: =MIN(IF(M8<=1300000,M8*0.55,715000+(M8-1300000)*0.3),IF(F8<=33000000,740000,IF(F8<=70000000,MAX(660000,740000-(F8-33000000)*0.008),MAX(500000,660000-(F8-70000000)*0.5)))) -> 500000 | O8: =MAX(0,M8-N8) -> 8567169.3 | P8: =TRUNC(O8/12,-1) -> 713930 | Q8: =TRUNC(P8*요율기준!$B$12,-1) -> 71390 | R8: =P8+Q8 -> 785320
A9: =급여대장!A9 -> 46143 | B9: 1 | C9: =급여대장!D9 -> 가온누리 | D9: =직원정보!I5 -> 1 | E9: =급여대장!V9 -> 7100000 | F9: =E9*12 -> 85200000 | G9: =MIN(20000000,IF(F9<=5000000,F9*0.7,IF(F9<=15000000,3500000+(F9-5000000)*0.4,IF(F9<=45000000,7500000+(F9-15000000)*0.15,IF(F9<=100000000,12000000+(F9-45000000)*0.05,14750000+(F9-100000000)*0.02))))) -> 14010000 | H9: =F9-G9 -> 71190000 | I9: =D9*요율기준!$B$13 -> 1500000 | J9: ='4대보험'!F9*12 -> 3439800 | K9: =IF(D9=1,3100000+F9*0.04,IF(D9=2,3600000+F9*0.04,5000000+F9*0.07)) -> 6508000 | L9: =MAX(0,H9-I9-J9-K9) -> 59742200 | M9: =IF(L9<=14000000,L9*0.06,IF(L9<=50000000,840000+(L9-14000000)*0.15,IF(L9<=88000000,6240000+(L9-50000000)*0.24,IF(L9<=150000000,15360000+(L9-88000000)*0.35,IF(L9<=300000000,37060000+(L9-150000000)*0.38,IF(L9<=500000000,94060000+(L9-300000000)*0.4,IF(L9<=1000000000,174060000+(L9-500000000)*0.42,384060000+(L9-1000000000)*0.45))))))) -> 8578128 | N9: =MIN(IF(M9<=1300000,M9*0.55,715000+(M9-1300000)*0.3),IF(F9<=33000000,740000,IF(F9<=70000000,MAX(660000,740000-(F9-33000000)*0.008),MAX(500000,660000-(F9-70000000)*0.5)))) -> 500000 | O9: =MAX(0,M9-N9) -> 8078128 | P9: =TRUNC(O9/12,-1) -> 673170 | Q9: =TRUNC(P9*요율기준!$B$12,-1) -> 67310 | R9: =P9+Q9 -> 740480
A10: =급여대장!A10 -> 46174 | B10: 1 | C10: =급여대장!D10 -> 가온누리 | D10: =직원정보!I5 -> 1 | E10: =급여대장!V10 -> 7286600 | F10: =E10*12 -> 87439200 | G10: =MIN(20000000,IF(F10<=5000000,F10*0.7,IF(F10<=15000000,3500000+(F10-5000000)*0.4,IF(F10<=45000000,7500000+(F10-15000000)*0.15,IF(F10<=100000000,12000000+(F10-45000000)*0.05,14750000+(F10-100000000)*0.02))))) -> 14121960 | H10: =F10-G10 -> 73317240 | I10: =D10*요율기준!$B$13 -> 1500000 | J10: ='4대보험'!F10*12 -> 3439800 | K10: =IF(D10=1,3100000+F10*0.04,IF(D10=2,3600000+F10*0.04,5000000+F10*0.07)) -> 6597568 | L10: =MAX(0,H10-I10-J10-K10) -> 61779872 | M10: =IF(L10<=14000000,L10*0.06,IF(L10<=50000000,840000+(L10-14000000)*0.15,IF(L10<=88000000,6240000+(L10-50000000)*0.24,IF(L10<=150000000,15360000+(L10-88000000)*0.35,IF(L10<=300000000,37060000+(L10-150000000)*0.38,IF(L10<=500000000,94060000+(L10-300000000)*0.4,IF(L10<=1000000000,174060000+(L10-500000000)*0.42,384060000+(L10-1000000000)*0.45))))))) -> 9067169.3 | N10: =MIN(IF(M10<=1300000,M10*0.55,715000+(M10-1300000)*0.3),IF(F10<=33000000,740000,IF(F10<=70000000,MAX(660000,740000-(F10-33000000)*0.008),MAX(500000,660000-(F10-70000000)*0.5)))) -> 500000 | O10: =MAX(0,M10-N10) -> 8567169.3 | P10: =TRUNC(O10/12,-1) -> 713930 | Q10: =TRUNC(P10*요율기준!$B$12,-1) -> 71390 | R10: =P10+Q10 -> 785320
A11: =급여대장!A11 -> 46204 | B11: 1 | C11: =급여대장!D11 -> 가온누리 | D11: =직원정보!I5 -> 1 | E11: =급여대장!V11 -> 7100000 | F11: =E11*12 -> 85200000 | G11: =MIN(20000000,IF(F11<=5000000,F11*0.7,IF(F11<=15000000,3500000+(F11-5000000)*0.4,IF(F11<=45000000,7500000+(F11-15000000)*0.15,IF(F11<=100000000,12000000+(F11-45000000)*0.05,14750000+(F11-100000000)*0.02))))) -> 14010000 | H11: =F11-G11 -> 71190000 | I11: =D11*요율기준!$B$13 -> 1500000 | J11: ='4대보험'!F11*12 -> 3439800 | K11: =IF(D11=1,3100000+F11*0.04,IF(D11=2,3600000+F11*0.04,5000000+F11*0.07)) -> 6508000 | L11: =MAX(0,H11-I11-J11-K11) -> 59742200 | M11: =IF(L11<=14000000,L11*0.06,IF(L11<=50000000,840000+(L11-14000000)*0.15,IF(L11<=88000000,6240000+(L11-50000000)*0.24,IF(L11<=150000000,15360000+(L11-88000000)*0.35,IF(L11<=300000000,37060000+(L11-150000000)*0.38,IF(L11<=500000000,94060000+(L11-300000000)*0.4,IF(L11<=1000000000,174060000+(L11-500000000)*0.42,384060000+(L11-1000000000)*0.45))))))) -> 8578128 | N11: =MIN(IF(M11<=1300000,M11*0.55,715000+(M11-1300000)*0.3),IF(F11<=33000000,740000,IF(F11<=70000000,MAX(660000,740000-(F11-33000000)*0.008),MAX(500000,660000-(F11-70000000)*0.5)))) -> 500000 | O11: =MAX(0,M11-N11) -> 8078128 | P11: =TRUNC(O11/12,-1) -> 673170 | Q11: =TRUNC(P11*요율기준!$B$12,-1) -> 67310 | R11: =P11+Q11 -> 740480
A12: =급여대장!A12 -> 46235 | B12: 1 | C12: =급여대장!D12 -> 가온누리 | D12: =직원정보!I5 -> 1 | E12: =급여대장!V12 -> 7286600 | F12: =E12*12 -> 87439200 | G12: =MIN(20000000,IF(F12<=5000000,F12*0.7,IF(F12<=15000000,3500000+(F12-5000000)*0.4,IF(F12<=45000000,7500000+(F12-15000000)*0.15,IF(F12<=100000000,12000000+(F12-45000000)*0.05,14750000+(F12-100000000)*0.02))))) -> 14121960 | H12: =F12-G12 -> 73317240 | I12: =D12*요율기준!$B$13 -> 1500000 | J12: ='4대보험'!F12*12 -> 3439800 | K12: =IF(D12=1,3100000+F12*0.04,IF(D12=2,3600000+F12*0.04,5000000+F12*0.07)) -> 6597568 | L12: =MAX(0,H12-I12-J12-K12) -> 61779872 | M12: =IF(L12<=14000000,L12*0.06,IF(L12<=50000000,840000+(L12-14000000)*0.15,IF(L12<=88000000,6240000+(L12-50000000)*0.24,IF(L12<=150000000,15360000+(L12-88000000)*0.35,IF(L12<=300000000,37060000+(L12-150000000)*0.38,IF(L12<=500000000,94060000+(L12-300000000)*0.4,IF(L12<=1000000000,174060000+(L12-500000000)*0.42,384060000+(L12-1000000000)*0.45))))))) -> 9067169.3 | N12: =MIN(IF(M12<=1300000,M12*0.55,715000+(M12-1300000)*0.3),IF(F12<=33000000,740000,IF(F12<=70000000,MAX(660000,740000-(F12-33000000)*0.008),MAX(500000,660000-(F12-70000000)*0.5)))) -> 500000 | O12: =MAX(0,M12-N12) -> 8567169.3 | P12: =TRUNC(O12/12,-1) -> 713930 | Q12: =TRUNC(P12*요율기준!$B$12,-1) -> 71390 | R12: =P12+Q12 -> 785320
A13: =급여대장!A13 -> 46266 | B13: 1 | C13: =급여대장!D13 -> 가온누리 | D13: =직원정보!I5 -> 1 | E13: =급여대장!V13 -> 7100000 | F13: =E13*12 -> 85200000 | G13: =MIN(20000000,IF(F13<=5000000,F13*0.7,IF(F13<=15000000,3500000+(F13-5000000)*0.4,IF(F13<=45000000,7500000+(F13-15000000)*0.15,IF(F13<=100000000,12000000+(F13-45000000)*0.05,14750000+(F13-100000000)*0.02))))) -> 14010000 | H13: =F13-G13 -> 71190000 | I13: =D13*요율기준!$B$13 -> 1500000 | J13: ='4대보험'!F13*12 -> 3439800 | K13: =IF(D13=1,3100000+F13*0.04,IF(D13=2,3600000+F13*0.04,5000000+F13*0.07)) -> 6508000 | L13: =MAX(0,H13-I13-J13-K13) -> 59742200 | M13: =IF(L13<=14000000,L13*0.06,IF(L13<=50000000,840000+(L13-14000000)*0.15,IF(L13<=88000000,6240000+(L13-50000000)*0.24,IF(L13<=150000000,15360000+(L13-88000000)*0.35,IF(L13<=300000000,37060000+(L13-150000000)*0.38,IF(L13<=500000000,94060000+(L13-300000000)*0.4,IF(L13<=1000000000,174060000+(L13-500000000)*0.42,384060000+(L13-1000000000)*0.45))))))) -> 8578128 | N13: =MIN(IF(M13<=1300000,M13*0.55,715000+(M13-1300000)*0.3),IF(F13<=33000000,740000,IF(F13<=70000000,MAX(660000,740000-(F13-33000000)*0.008),MAX(500000,660000-(F13-70000000)*0.5)))) -> 500000 | O13: =MAX(0,M13-N13) -> 8078128 | P13: =TRUNC(O13/12,-1) -> 673170 | Q13: =TRUNC(P13*요율기준!$B$12,-1) -> 67310 | R13: =P13+Q13 -> 740480
A14: =급여대장!A14 -> 46296 | B14: 1 | C14: =급여대장!D14 -> 가온누리 | D14: =직원정보!I5 -> 1 | E14: =급여대장!V14 -> 7286600 | F14: =E14*12 -> 87439200 | G14: =MIN(20000000,IF(F14<=5000000,F14*0.7,IF(F14<=15000000,3500000+(F14-5000000)*0.4,IF(F14<=45000000,7500000+(F14-15000000)*0.15,IF(F14<=100000000,12000000+(F14-45000000)*0.05,14750000+(F14-100000000)*0.02))))) -> 14121960 | H14: =F14-G14 -> 73317240 | I14: =D14*요율기준!$B$13 -> 1500000 | J14: ='4대보험'!F14*12 -> 3439800 | K14: =IF(D14=1,3100000+F14*0.04,IF(D14=2,3600000+F14*0.04,5000000+F14*0.07)) -> 6597568 | L14: =MAX(0,H14-I14-J14-K14) -> 61779872 | M14: =IF(L14<=14000000,L14*0.06,IF(L14<=50000000,840000+(L14-14000000)*0.15,IF(L14<=88000000,6240000+(L14-50000000)*0.24,IF(L14<=150000000,15360000+(L14-88000000)*0.35,IF(L14<=300000000,37060000+(L14-150000000)*0.38,IF(L14<=500000000,94060000+(L14-300000000)*0.4,IF(L14<=1000000000,174060000+(L14-500000000)*0.42,384060000+(L14-1000000000)*0.45))))))) -> 9067169.3 | N14: =MIN(IF(M14<=1300000,M14*0.55,715000+(M14-1300000)*0.3),IF(F14<=33000000,740000,IF(F14<=70000000,MAX(660000,740000-(F14-33000000)*0.008),MAX(500000,660000-(F14-70000000)*0.5)))) -> 500000 | O14: =MAX(0,M14-N14) -> 8567169.3 | P14: =TRUNC(O14/12,-1) -> 713930 | Q14: =TRUNC(P14*요율기준!$B$12,-1) -> 71390 | R14: =P14+Q14 -> 785320
A15: =급여대장!A15 -> 46327 | B15: 1 | C15: =급여대장!D15 -> 가온누리 | D15: =직원정보!I5 -> 1 | E15: =급여대장!V15 -> 7100000 | F15: =E15*12 -> 85200000 | G15: =MIN(20000000,IF(F15<=5000000,F15*0.7,IF(F15<=15000000,3500000+(F15-5000000)*0.4,IF(F15<=45000000,7500000+(F15-15000000)*0.15,IF(F15<=100000000,12000000+(F15-45000000)*0.05,14750000+(F15-100000000)*0.02))))) -> 14010000 | H15: =F15-G15 -> 71190000 | I15: =D15*요율기준!$B$13 -> 1500000 | J15: ='4대보험'!F15*12 -> 3439800 | K15: =IF(D15=1,3100000+F15*0.04,IF(D15=2,3600000+F15*0.04,5000000+F15*0.07)) -> 6508000 | L15: =MAX(0,H15-I15-J15-K15) -> 59742200 | M15: =IF(L15<=14000000,L15*0.06,IF(L15<=50000000,840000+(L15-14000000)*0.15,IF(L15<=88000000,6240000+(L15-50000000)*0.24,IF(L15<=150000000,15360000+(L15-88000000)*0.35,IF(L15<=300000000,37060000+(L15-150000000)*0.38,IF(L15<=500000000,94060000+(L15-300000000)*0.4,IF(L15<=1000000000,174060000+(L15-500000000)*0.42,384060000+(L15-1000000000)*0.45))))))) -> 8578128 | N15: =MIN(IF(M15<=1300000,M15*0.55,715000+(M15-1300000)*0.3),IF(F15<=33000000,740000,IF(F15<=70000000,MAX(660000,740000-(F15-33000000)*0.008),MAX(500000,660000-(F15-70000000)*0.5)))) -> 500000 | O15: =MAX(0,M15-N15) -> 8078128 | P15: =TRUNC(O15/12,-1) -> 673170 | Q15: =TRUNC(P15*요율기준!$B$12,-1) -> 67310 | R15: =P15+Q15 -> 740480
A16: =급여대장!A16 -> 46357 | B16: 1 | C16: =급여대장!D16 -> 가온누리 | D16: =직원정보!I5 -> 1 | E16: =급여대장!V16 -> 7286600 | F16: =E16*12 -> 87439200 | G16: =MIN(20000000,IF(F16<=5000000,F16*0.7,IF(F16<=15000000,3500000+(F16-5000000)*0.4,IF(F16<=45000000,7500000+(F16-15000000)*0.15,IF(F16<=100000000,12000000+(F16-45000000)*0.05,14750000+(F16-100000000)*0.02))))) -> 14121960 | H16: =F16-G16 -> 73317240 | I16: =D16*요율기준!$B$13 -> 1500000 | J16: ='4대보험'!F16*12 -> 3439800 | K16: =IF(D16=1,3100000+F16*0.04,IF(D16=2,3600000+F16*0.04,5000000+F16*0.07)) -> 6597568 | L16: =MAX(0,H16-I16-J16-K16) -> 61779872 | M16: =IF(L16<=14000000,L16*0.06,IF(L16<=50000000,840000+(L16-14000000)*0.15,IF(L16<=88000000,6240000+(L16-50000000)*0.24,IF(L16<=150000000,15360000+(L16-88000000)*0.35,IF(L16<=300000000,37060000+(L16-150000000)*0.38,IF(L16<=500000000,94060000+(L16-300000000)*0.4,IF(L16<=1000000000,174060000+(L16-500000000)*0.42,384060000+(L16-1000000000)*0.45))))))) -> 9067169.3 | N16: =MIN(IF(M16<=1300000,M16*0.55,715000+(M16-1300000)*0.3),IF(F16<=33000000,740000,IF(F16<=70000000,MAX(660000,740000-(F16-33000000)*0.008),MAX(500000,660000-(F16-70000000)*0.5)))) -> 500000 | O16: =MAX(0,M16-N16) -> 8567169.3 | P16: =TRUNC(O16/12,-1) -> 713930 | Q16: =TRUNC(P16*요율기준!$B$12,-1) -> 71390 | R16: =P16+Q16 -> 785320
A17: =급여대장!A17 -> 46023 | B17: 2 | C17: =급여대장!D17 -> 나래솔 | D17: =직원정보!I6 -> 1 | E17: =급여대장!V17 -> 5749280 | F17: =E17*12 -> 68991360 | G17: =MIN(20000000,IF(F17<=5000000,F17*0.7,IF(F17<=15000000,3500000+(F17-5000000)*0.4,IF(F17<=45000000,7500000+(F17-15000000)*0.15,IF(F17<=100000000,12000000+(F17-45000000)*0.05,14750000+(F17-100000000)*0.02))))) -> 13199568 | H17: =F17-G17 -> 55791792 | I17: =D17*요율기준!$B$13 -> 1500000 | J17: ='4대보험'!F17*12 -> 3104520 | K17: =IF(D17=1,3100000+F17*0.04,IF(D17=2,3600000+F17*0.04,5000000+F17*0.07)) -> 5859654.4 | L17: =MAX(0,H17-I17-J17-K17) -> 45327618 | M17: =IF(L17<=14000000,L17*0.06,IF(L17<=50000000,840000+(L17-14000000)*0.15,IF(L17<=88000000,6240000+(L17-50000000)*0.24,IF(L17<=150000000,15360000+(L17-88000000)*0.35,IF(L17<=300000000,37060000+(L17-150000000)*0.38,IF(L17<=500000000,94060000+(L17-300000000)*0.4,IF(L17<=1000000000,174060000+(L17-500000000)*0.42,384060000+(L17-1000000000)*0.45))))))) -> 5539142.6 | N17: =MIN(IF(M17<=1300000,M17*0.55,715000+(M17-1300000)*0.3),IF(F17<=33000000,740000,IF(F17<=70000000,MAX(660000,740000-(F17-33000000)*0.008),MAX(500000,660000-(F17-70000000)*0.5)))) -> 660000 | O17: =MAX(0,M17-N17) -> 4879142.6 | P17: =TRUNC(O17/12,-1) -> 406590 | Q17: =TRUNC(P17*요율기준!$B$12,-1) -> 40650 | R17: =P17+Q17 -> 447240
A18: =급여대장!A18 -> 46054 | B18: 2 | C18: =급여대장!D18 -> 나래솔 | D18: =직원정보!I6 -> 1 | E18: =급여대장!V18 -> 5600000 | F18: =E18*12 -> 67200000 | G18: =MIN(20000000,IF(F18<=5000000,F18*0.7,IF(F18<=15000000,3500000+(F18-5000000)*0.4,IF(F18<=45000000,7500000+(F18-15000000)*0.15,IF(F18<=100000000,12000000+(F18-45000000)*0.05,14750000+(F18-100000000)*0.02))))) -> 13110000 | H18: =F18-G18 -> 54090000 | I18: =D18*요율기준!$B$13 -> 1500000 | J18: ='4대보험'!F18*12 -> 3024000 | K18: =IF(D18=1,3100000+F18*0.04,IF(D18=2,3600000+F18*0.04,5000000+F18*0.07)) -> 5788000 | L18: =MAX(0,H18-I18-J18-K18) -> 43778000 | M18: =IF(L18<=14000000,L18*0.06,IF(L18<=50000000,840000+(L18-14000000)*0.15,IF(L18<=88000000,6240000+(L18-50000000)*0.24,IF(L18<=150000000,15360000+(L18-88000000)*0.35,IF(L18<=300000000,37060000+(L18-150000000)*0.38,IF(L18<=500000000,94060000+(L18-300000000)*0.4,IF(L18<=1000000000,174060000+(L18-500000000)*0.42,384060000+(L18-1000000000)*0.45))))))) -> 5306700 | N18: =MIN(IF(M18<=1300000,M18*0.55,715000+(M18-1300000)*0.3),IF(F18<=33000000,740000,IF(F18<=70000000,MAX(660000,740000-(F18-33000000)*0.008),MAX(500000,660000-(F18-70000000)*0.5)))) -> 660000 | O18: =MAX(0,M18-N18) -> 4646700 | P18: =TRUNC(O18/12,-1) -> 387220 | Q18: =TRUNC(P18*요율기준!$B$12,-1) -> 38720 | R18: =P18+Q18 -> 425940
A19: =급여대장!A19 -> 46082 | B19: 2 | C19: =급여대장!D19 -> 나래솔 | D19: =직원정보!I6 -> 1 | E19: =급여대장!V19 -> 5749280 | F19: =E19*12 -> 68991360 | G19: =MIN(20000000,IF(F19<=5000000,F19*0.7,IF(F19<=15000000,3500000+(F19-5000000)*0.4,IF(F19<=45000000,7500000+(F19-15000000)*0.15,IF(F19<=100000000,12000000+(F19-45000000)*0.05,14750000+(F19-100000000)*0.02))))) -> 13199568 | H19: =F19-G19 -> 55791792 | I19: =D19*요율기준!$B$13 -> 1500000 | J19: ='4대보험'!F19*12 -> 3104520 | K19: =IF(D19=1,3100000+F19*0.04,IF(D19=2,3600000+F19*0.04,5000000+F19*0.07)) -> 5859654.4 | L19: =MAX(0,H19-I19-J19-K19) -> 45327618 | M19: =IF(L19<=14000000,L19*0.06,IF(L19<=50000000,840000+(L19-14000000)*0.15,IF(L19<=88000000,6240000+(L19-50000000)*0.24,IF(L19<=150000000,15360000+(L19-88000000)*0.35,IF(L19<=300000000,37060000+(L19-150000000)*0.38,IF(L19<=500000000,94060000+(L19-300000000)*0.4,IF(L19<=1000000000,174060000+(L19-500000000)*0.42,384060000+(L19-1000000000)*0.45))))))) -> 5539142.6 | N19: =MIN(IF(M19<=1300000,M19*0.55,715000+(M19-1300000)*0.3),IF(F19<=33000000,740000,IF(F19<=70000000,MAX(660000,740000-(F19-33000000)*0.008),MAX(500000,660000-(F19-70000000)*0.5)))) -> 660000 | O19: =MAX(0,M19-N19) -> 4879142.6 | P19: =TRUNC(O19/12,-1) -> 406590 | Q19: =TRUNC(P19*요율기준!$B$12,-1) -> 40650 | R19: =P19+Q19 -> 447240
A20: =급여대장!A20 -> 46113 | B20: 2 | C20: =급여대장!D20 -> 나래솔 | D20: =직원정보!I6 -> 1 | E20: =급여대장!V20 -> 5600000 | F20: =E20*12 -> 67200000 | G20: =MIN(20000000,IF(F20<=5000000,F20*0.7,IF(F20<=15000000,3500000+(F20-5000000)*0.4,IF(F20<=45000000,7500000+(F20-15000000)*0.15,IF(F20<=100000000,12000000+(F20-45000000)*0.05,14750000+(F20-100000000)*0.02))))) -> 13110000 | H20: =F20-G20 -> 54090000 | I20: =D20*요율기준!$B$13 -> 1500000 | J20: ='4대보험'!F20*12 -> 3024000 | K20: =IF(D20=1,3100000+F20*0.04,IF(D20=2,3600000+F20*0.04,5000000+F20*0.07)) -> 5788000 | L20: =MAX(0,H20-I20-J20-K20) -> 43778000 | M20: =IF(L20<=14000000,L20*0.06,IF(L20<=50000000,840000+(L20-14000000)*0.15,IF(L20<=88000000,6240000+(L20-50000000)*0.24,IF(L20<=150000000,15360000+(L20-88000000)*0.35,IF(L20<=300000000,37060000+(L20-150000000)*0.38,IF(L20<=500000000,94060000+(L20-300000000)*0.4,IF(L20<=1000000000,174060000+(L20-500000000)*0.42,384060000+(L20-1000000000)*0.45))))))) -> 5306700 | N20: =MIN(IF(M20<=1300000,M20*0.55,715000+(M20-1300000)*0.3),IF(F20<=33000000,740000,IF(F20<=70000000,MAX(660000,740000-(F20-33000000)*0.008),MAX(500000,660000-(F20-70000000)*0.5)))) -> 660000 | O20: =MAX(0,M20-N20) -> 4646700 | P20: =TRUNC(O20/12,-1) -> 387220 | Q20: =TRUNC(P20*요율기준!$B$12,-1) -> 38720 | R20: =P20+Q20 -> 425940
A21: =급여대장!A21 -> 46143 | B21: 2 | C21: =급여대장!D21 -> 나래솔 | D21: =직원정보!I6 -> 1 | E21: =급여대장!V21 -> 5749280 | F21: =E21*12 -> 68991360 | G21: =MIN(20000000,IF(F21<=5000000,F21*0.7,IF(F21<=15000000,3500000+(F21-5000000)*0.4,IF(F21<=45000000,7500000+(F21-15000000)*0.15,IF(F21<=100000000,12000000+(F21-45000000)*0.05,14750000+(F21-100000000)*0.02))))) -> 13199568 | H21: =F21-G21 -> 55791792 | I21: =D21*요율기준!$B$13 -> 1500000 | J21: ='4대보험'!F21*12 -> 3104520 | K21: =IF(D21=1,3100000+F21*0.04,IF(D21=2,3600000+F21*0.04,5000000+F21*0.07)) -> 5859654.4 | L21: =MAX(0,H21-I21-J21-K21) -> 45327618 | M21: =IF(L21<=14000000,L21*0.06,IF(L21<=50000000,840000+(L21-14000000)*0.15,IF(L21<=88000000,6240000+(L21-50000000)*0.24,IF(L21<=150000000,15360000+(L21-88000000)*0.35,IF(L21<=300000000,37060000+(L21-150000000)*0.38,IF(L21<=500000000,94060000+(L21-300000000)*0.4,IF(L21<=1000000000,174060000+(L21-500000000)*0.42,384060000+(L21-1000000000)*0.45))))))) -> 5539142.6 | N21: =MIN(IF(M21<=1300000,M21*0.55,715000+(M21-1300000)*0.3),IF(F21<=33000000,740000,IF(F21<=70000000,MAX(660000,740000-(F21-33000000)*0.008),MAX(500000,660000-(F21-70000000)*0.5)))) -> 660000 | O21: =MAX(0,M21-N21) -> 4879142.6 | P21: =TRUNC(O21/12,-1) -> 406590 | Q21: =TRUNC(P21*요율기준!$B$12,-1) -> 40650 | R21: =P21+Q21 -> 447240
A22: =급여대장!A22 -> 46174 | B22: 2 | C22: =급여대장!D22 -> 나래솔 | D22: =직원정보!I6 -> 1 | E22: =급여대장!V22 -> 5600000 | F22: =E22*12 -> 67200000 | G22: =MIN(20000000,IF(F22<=5000000,F22*0.7,IF(F22<=15000000,3500000+(F22-5000000)*0.4,IF(F22<=45000000,7500000+(F22-15000000)*0.15,IF(F22<=100000000,12000000+(F22-45000000)*0.05,14750000+(F22-100000000)*0.02))))) -> 13110000 | H22: =F22-G22 -> 54090000 | I22: =D22*요율기준!$B$13 -> 1500000 | J22: ='4대보험'!F22*12 -> 3024000 | K22: =IF(D22=1,3100000+F22*0.04,IF(D22=2,3600000+F22*0.04,5000000+F22*0.07)) -> 5788000 | L22: =MAX(0,H22-I22-J22-K22) -> 43778000 | M22: =IF(L22<=14000000,L22*0.06,IF(L22<=50000000,840000+(L22-14000000)*0.15,IF(L22<=88000000,6240000+(L22-50000000)*0.24,IF(L22<=150000000,15360000+(L22-88000000)*0.35,IF(L22<=300000000,37060000+(L22-150000000)*0.38,IF(L22<=500000000,94060000+(L22-300000000)*0.4,IF(L22<=1000000000,174060000+(L22-500000000)*0.42,384060000+(L22-1000000000)*0.45))))))) -> 5306700 | N22: =MIN(IF(M22<=1300000,M22*0.55,715000+(M22-1300000)*0.3),IF(F22<=33000000,740000,IF(F22<=70000000,MAX(660000,740000-(F22-33000000)*0.008),MAX(500000,660000-(F22-70000000)*0.5)))) -> 660000 | O22: =MAX(0,M22-N22) -> 4646700 | P22: =TRUNC(O22/12,-1) -> 387220 | Q22: =TRUNC(P22*요율기준!$B$12,-1) -> 38720 | R22: =P22+Q22 -> 425940
A23: =급여대장!A23 -> 46204 | B23: 2 | C23: =급여대장!D23 -> 나래솔 | D23: =직원정보!I6 -> 1 | E23: =급여대장!V23 -> 5749280 | F23: =E23*12 -> 68991360 | G23: =MIN(20000000,IF(F23<=5000000,F23*0.7,IF(F23<=15000000,3500000+(F23-5000000)*0.4,IF(F23<=45000000,7500000+(F23-15000000)*0.15,IF(F23<=100000000,12000000+(F23-45000000)*0.05,14750000+(F23-100000000)*0.02))))) -> 13199568 | H23: =F23-G23 -> 55791792 | I23: =D23*요율기준!$B$13 -> 1500000 | J23: ='4대보험'!F23*12 -> 3104520 | K23: =IF(D23=1,3100000+F23*0.04,IF(D23=2,3600000+F23*0.04,5000000+F23*0.07)) -> 5859654.4 | L23: =MAX(0,H23-I23-J23-K23) -> 45327618 | M23: =IF(L23<=14000000,L23*0.06,IF(L23<=50000000,840000+(L23-14000000)*0.15,IF(L23<=88000000,6240000+(L23-50000000)*0.24,IF(L23<=150000000,15360000+(L23-88000000)*0.35,IF(L23<=300000000,37060000+(L23-150000000)*0.38,IF(L23<=500000000,94060000+(L23-300000000)*0.4,IF(L23<=1000000000,174060000+(L23-500000000)*0.42,384060000+(L23-1000000000)*0.45))))))) -> 5539142.6 | N23: =MIN(IF(M23<=1300000,M23*0.55,715000+(M23-1300000)*0.3),IF(F23<=33000000,740000,IF(F23<=70000000,MAX(660000,740000-(F23-33000000)*0.008),MAX(500000,660000-(F23-70000000)*0.5)))) -> 660000 | O23: =MAX(0,M23-N23) -> 4879142.6 | P23: =TRUNC(O23/12,-1) -> 406590 | Q23: =TRUNC(P23*요율기준!$B$12,-1) -> 40650 | R23: =P23+Q23 -> 447240
A24: =급여대장!A24 -> 46235 | B24: 2 | C24: =급여대장!D24 -> 나래솔 | D24: =직원정보!I6 -> 1 | E24: =급여대장!V24 -> 5600000 | F24: =E24*12 -> 67200000 | G24: =MIN(20000000,IF(F24<=5000000,F24*0.7,IF(F24<=15000000,3500000+(F24-5000000)*0.4,IF(F24<=45000000,7500000+(F24-15000000)*0.15,IF(F24<=100000000,12000000+(F24-45000000)*0.05,14750000+(F24-100000000)*0.02))))) -> 13110000 | H24: =F24-G24 -> 54090000 | I24: =D24*요율기준!$B$13 -> 1500000 | J24: ='4대보험'!F24*12 -> 3024000 | K24: =IF(D24=1,3100000+F24*0.04,IF(D24=2,3600000+F24*0.04,5000000+F24*0.07)) -> 5788000 | L24: =MAX(0,H24-I24-J24-K24) -> 43778000 | M24: =IF(L24<=14000000,L24*0.06,IF(L24<=50000000,840000+(L24-14000000)*0.15,IF(L24<=88000000,6240000+(L24-50000000)*0.24,IF(L24<=150000000,15360000+(L24-88000000)*0.35,IF(L24<=300000000,37060000+(L24-150000000)*0.38,IF(L24<=500000000,94060000+(L24-300000000)*0.4,IF(L24<=1000000000,174060000+(L24-500000000)*0.42,384060000+(L24-1000000000)*0.45))))))) -> 5306700 | N24: =MIN(IF(M24<=1300000,M24*0.55,715000+(M24-1300000)*0.3),IF(F24<=33000000,740000,IF(F24<=70000000,MAX(660000,740000-(F24-33000000)*0.008),MAX(500000,660000-(F24-70000000)*0.5)))) -> 660000 | O24: =MAX(0,M24-N24) -> 4646700 | P24: =TRUNC(O24/12,-1) -> 387220 | Q24: =TRUNC(P24*요율기준!$B$12,-1) -> 38720 | R24: =P24+Q24 -> 425940
A25: =급여대장!A25 -> 46266 | B25: 2 | C25: =급여대장!D25 -> 나래솔 | D25: =직원정보!I6 -> 1 | E25: =급여대장!V25 -> 5749280 | F25: =E25*12 -> 68991360 | G25: =MIN(20000000,IF(F25<=5000000,F25*0.7,IF(F25<=15000000,3500000+(F25-5000000)*0.4,IF(F25<=45000000,7500000+(F25-15000000)*0.15,IF(F25<=100000000,12000000+(F25-45000000)*0.05,14750000+(F25-100000000)*0.02))))) -> 13199568 | H25: =F25-G25 -> 55791792 | I25: =D25*요율기준!$B$13 -> 1500000 | J25: ='4대보험'!F25*12 -> 3104520 | K25: =IF(D25=1,3100000+F25*0.04,IF(D25=2,3600000+F25*0.04,5000000+F25*0.07)) -> 5859654.4 | L25: =MAX(0,H25-I25-J25-K25) -> 45327618 | M25: =IF(L25<=14000000,L25*0.06,IF(L25<=50000000,840000+(L25-14000000)*0.15,IF(L25<=88000000,6240000+(L25-50000000)*0.24,IF(L25<=150000000,15360000+(L25-88000000)*0.35,IF(L25<=300000000,37060000+(L25-150000000)*0.38,IF(L25<=500000000,94060000+(L25-300000000)*0.4,IF(L25<=1000000000,174060000+(L25-500000000)*0.42,384060000+(L25-1000000000)*0.45))))))) -> 5539142.6 | N25: =MIN(IF(M25<=1300000,M25*0.55,715000+(M25-1300000)*0.3),IF(F25<=33000000,740000,IF(F25<=70000000,MAX(660000,740000-(F25-33000000)*0.008),MAX(500000,660000-(F25-70000000)*0.5)))) -> 660000 | O25: =MAX(0,M25-N25) -> 4879142.6 | P25: =TRUNC(O25/12,-1) -> 406590 | Q25: =TRUNC(P25*요율기준!$B$12,-1) -> 40650 | R25: =P25+Q25 -> 447240
A26: =급여대장!A26 -> 46296 | B26: 2 | C26: =급여대장!D26 -> 나래솔 | D26: =직원정보!I6 -> 1 | E26: =급여대장!V26 -> 5600000 | F26: =E26*12 -> 67200000 | G26: =MIN(20000000,IF(F26<=5000000,F26*0.7,IF(F26<=15000000,3500000+(F26-5000000)*0.4,IF(F26<=45000000,7500000+(F26-15000000)*0.15,IF(F26<=100000000,12000000+(F26-45000000)*0.05,14750000+(F26-100000000)*0.02))))) -> 13110000 | H26: =F26-G26 -> 54090000 | I26: =D26*요율기준!$B$13 -> 1500000 | J26: ='4대보험'!F26*12 -> 3024000 | K26: =IF(D26=1,3100000+F26*0.04,IF(D26=2,3600000+F26*0.04,5000000+F26*0.07)) -> 5788000 | L26: =MAX(0,H26-I26-J26-K26) -> 43778000 | M26: =IF(L26<=14000000,L26*0.06,IF(L26<=50000000,840000+(L26-14000000)*0.15,IF(L26<=88000000,6240000+(L26-50000000)*0.24,IF(L26<=150000000,15360000+(L26-88000000)*0.35,IF(L26<=300000000,37060000+(L26-150000000)*0.38,IF(L26<=500000000,94060000+(L26-300000000)*0.4,IF(L26<=1000000000,174060000+(L26-500000000)*0.42,384060000+(L26-1000000000)*0.45))))))) -> 5306700 | N26: =MIN(IF(M26<=1300000,M26*0.55,715000+(M26-1300000)*0.3),IF(F26<=33000000,740000,IF(F26<=70000000,MAX(660000,740000-(F26-33000000)*0.008),MAX(500000,660000-(F26-70000000)*0.5)))) -> 660000 | O26: =MAX(0,M26-N26) -> 4646700 | P26: =TRUNC(O26/12,-1) -> 387220 | Q26: =TRUNC(P26*요율기준!$B$12,-1) -> 38720 | R26: =P26+Q26 -> 425940
A27: =급여대장!A27 -> 46327 | B27: 2 | C27: =급여대장!D27 -> 나래솔 | D27: =직원정보!I6 -> 1 | E27: =급여대장!V27 -> 5749280 | F27: =E27*12 -> 68991360 | G27: =MIN(20000000,IF(F27<=5000000,F27*0.7,IF(F27<=15000000,3500000+(F27-5000000)*0.4,IF(F27<=45000000,7500000+(F27-15000000)*0.15,IF(F27<=100000000,12000000+(F27-45000000)*0.05,14750000+(F27-100000000)*0.02))))) -> 13199568 | H27: =F27-G27 -> 55791792 | I27: =D27*요율기준!$B$13 -> 1500000 | J27: ='4대보험'!F27*12 -> 3104520 | K27: =IF(D27=1,3100000+F27*0.04,IF(D27=2,3600000+F27*0.04,5000000+F27*0.07)) -> 5859654.4 | L27: =MAX(0,H27-I27-J27-K27) -> 45327618 | M27: =IF(L27<=14000000,L27*0.06,IF(L27<=50000000,840000+(L27-14000000)*0.15,IF(L27<=88000000,6240000+(L27-50000000)*0.24,IF(L27<=150000000,15360000+(L27-88000000)*0.35,IF(L27<=300000000,37060000+(L27-150000000)*0.38,IF(L27<=500000000,94060000+(L27-300000000)*0.4,IF(L27<=1000000000,174060000+(L27-500000000)*0.42,384060000+(L27-1000000000)*0.45))))))) -> 5539142.6 | N27: =MIN(IF(M27<=1300000,M27*0.55,715000+(M27-1300000)*0.3),IF(F27<=33000000,740000,IF(F27<=70000000,MAX(660000,740000-(F27-33000000)*0.008),MAX(500000,660000-(F27-70000000)*0.5)))) -> 660000 | O27: =MAX(0,M27-N27) -> 4879142.6 | P27: =TRUNC(O27/12,-1) -> 406590 | Q27: =TRUNC(P27*요율기준!$B$12,-1) -> 40650 | R27: =P27+Q27 -> 447240
A28: =급여대장!A28 -> 46357 | B28: 2 | C28: =급여대장!D28 -> 나래솔 | D28: =직원정보!I6 -> 1 | E28: =급여대장!V28 -> 5600000 | F28: =E28*12 -> 67200000 | G28: =MIN(20000000,IF(F28<=5000000,F28*0.7,IF(F28<=15000000,3500000+(F28-5000000)*0.4,IF(F28<=45000000,7500000+(F28-15000000)*0.15,IF(F28<=100000000,12000000+(F28-45000000)*0.05,14750000+(F28-100000000)*0.02))))) -> 13110000 | H28: =F28-G28 -> 54090000 | I28: =D28*요율기준!$B$13 -> 1500000 | J28: ='4대보험'!F28*12 -> 3024000 | K28: =IF(D28=1,3100000+F28*0.04,IF(D28=2,3600000+F28*0.04,5000000+F28*0.07)) -> 5788000 | L28: =MAX(0,H28-I28-J28-K28) -> 43778000 | M28: =IF(L28<=14000000,L28*0.06,IF(L28<=50000000,840000+(L28-14000000)*0.15,IF(L28<=88000000,6240000+(L28-50000000)*0.24,IF(L28<=150000000,15360000+(L28-88000000)*0.35,IF(L28<=300000000,37060000+(L28-150000000)*0.38,IF(L28<=500000000,94060000+(L28-300000000)*0.4,IF(L28<=1000000000,174060000+(L28-500000000)*0.42,384060000+(L28-1000000000)*0.45))))))) -> 5306700 | N28: =MIN(IF(M28<=1300000,M28*0.55,715000+(M28-1300000)*0.3),IF(F28<=33000000,740000,IF(F28<=70000000,MAX(660000,740000-(F28-33000000)*0.008),MAX(500000,660000-(F28-70000000)*0.5)))) -> 660000 | O28: =MAX(0,M28-N28) -> 4646700 | P28: =TRUNC(O28/12,-1) -> 387220 | Q28: =TRUNC(P28*요율기준!$B$12,-1) -> 38720 | R28: =P28+Q28 -> 425940
A29: =급여대장!A29 -> 46023 | B29: 3 | C29: =급여대장!D29 -> 다올찬 | D29: =직원정보!I7 -> 1 | E29: =급여대장!V29 -> 5700000 | F29: =E29*12 -> 68400000 | G29: =MIN(20000000,IF(F29<=5000000,F29*0.7,IF(F29<=15000000,3500000+(F29-5000000)*0.4,IF(F29<=45000000,7500000+(F29-15000000)*0.15,IF(F29<=100000000,12000000+(F29-45000000)*0.05,14750000+(F29-100000000)*0.02))))) -> 13170000 | H29: =F29-G29 -> 55230000 | I29: =D29*요율기준!$B$13 -> 1500000 | J29: ='4대보험'!F29*12 -> 3078000 | K29: =IF(D29=1,3100000+F29*0.04,IF(D29=2,3600000+F29*0.04,5000000+F29*0.07)) -> 5836000 | L29: =MAX(0,H29-I29-J29-K29) -> 44816000 | M29: =IF(L29<=14000000,L29*0.06,IF(L29<=50000000,840000+(L29-14000000)*0.15,IF(L29<=88000000,6240000+(L29-50000000)*0.24,IF(L29<=150000000,15360000+(L29-88000000)*0.35,IF(L29<=300000000,37060000+(L29-150000000)*0.38,IF(L29<=500000000,94060000+(L29-300000000)*0.4,IF(L29<=1000000000,174060000+(L29-500000000)*0.42,384060000+(L29-1000000000)*0.45))))))) -> 5462400 | N29: =MIN(IF(M29<=1300000,M29*0.55,715000+(M29-1300000)*0.3),IF(F29<=33000000,740000,IF(F29<=70000000,MAX(660000,740000-(F29-33000000)*0.008),MAX(500000,660000-(F29-70000000)*0.5)))) -> 660000 | O29: =MAX(0,M29-N29) -> 4802400 | P29: =TRUNC(O29/12,-1) -> 400200 | Q29: =TRUNC(P29*요율기준!$B$12,-1) -> 40020 | R29: =P29+Q29 -> 440220
A30: =급여대장!A30 -> 46054 | B30: 3 | C30: =급여대장!D30 -> 다올찬 | D30: =직원정보!I7 -> 1 | E30: =급여대장!V30 -> 5849280 | F30: =E30*12 -> 70191360 | G30: =MIN(20000000,IF(F30<=5000000,F30*0.7,IF(F30<=15000000,3500000+(F30-5000000)*0.4,IF(F30<=45000000,7500000+(F30-15000000)*0.15,IF(F30<=100000000,12000000+(F30-45000000)*0.05,14750000+(F30-100000000)*0.02))))) -> 13259568 | H30: =F30-G30 -> 56931792 | I30: =D30*요율기준!$B$13 -> 1500000 | J30: ='4대보험'!F30*12 -> 3158520 | K30: =IF(D30=1,3100000+F30*0.04,IF(D30=2,3600000+F30*0.04,5000000+F30*0.07)) -> 5907654.4 | L30: =MAX(0,H30-I30-J30-K30) -> 46365618 | M30: =IF(L30<=14000000,L30*0.06,IF(L30<=50000000,840000+(L30-14000000)*0.15,IF(L30<=88000000,6240000+(L30-50000000)*0.24,IF(L30<=150000000,15360000+(L30-88000000)*0.35,IF(L30<=300000000,37060000+(L30-150000000)*0.38,IF(L30<=500000000,94060000+(L30-300000000)*0.4,IF(L30<=1000000000,174060000+(L30-500000000)*0.42,384060000+(L30-1000000000)*0.45))))))) -> 5694842.6 | N30: =MIN(IF(M30<=1300000,M30*0.55,715000+(M30-1300000)*0.3),IF(F30<=33000000,740000,IF(F30<=70000000,MAX(660000,740000-(F30-33000000)*0.008),MAX(500000,660000-(F30-70000000)*0.5)))) -> 564320 | O30: =MAX(0,M30-N30) -> 5130522.6 | P30: =TRUNC(O30/12,-1) -> 427540 | Q30: =TRUNC(P30*요율기준!$B$12,-1) -> 42750 | R30: =P30+Q30 -> 470290
A31: =급여대장!A31 -> 46082 | B31: 3 | C31: =급여대장!D31 -> 다올찬 | D31: =직원정보!I7 -> 1 | E31: =급여대장!V31 -> 5700000 | F31: =E31*12 -> 68400000 | G31: =MIN(20000000,IF(F31<=5000000,F31*0.7,IF(F31<=15000000,3500000+(F31-5000000)*0.4,IF(F31<=45000000,7500000+(F31-15000000)*0.15,IF(F31<=100000000,12000000+(F31-45000000)*0.05,14750000+(F31-100000000)*0.02))))) -> 13170000 | H31: =F31-G31 -> 55230000 | I31: =D31*요율기준!$B$13 -> 1500000 | J31: ='4대보험'!F31*12 -> 3078000 | K31: =IF(D31=1,3100000+F31*0.04,IF(D31=2,3600000+F31*0.04,5000000+F31*0.07)) -> 5836000 | L31: =MAX(0,H31-I31-J31-K31) -> 44816000 | M31: =IF(L31<=14000000,L31*0.06,IF(L31<=50000000,840000+(L31-14000000)*0.15,IF(L31<=88000000,6240000+(L31-50000000)*0.24,IF(L31<=150000000,15360000+(L31-88000000)*0.35,IF(L31<=300000000,37060000+(L31-150000000)*0.38,IF(L31<=500000000,94060000+(L31-300000000)*0.4,IF(L31<=1000000000,174060000+(L31-500000000)*0.42,384060000+(L31-1000000000)*0.45))))))) -> 5462400 | N31: =MIN(IF(M31<=1300000,M31*0.55,715000+(M31-1300000)*0.3),IF(F31<=33000000,740000,IF(F31<=70000000,MAX(660000,740000-(F31-33000000)*0.008),MAX(500000,660000-(F31-70000000)*0.5)))) -> 660000 | O31: =MAX(0,M31-N31) -> 4802400 | P31: =TRUNC(O31/12,-1) -> 400200 | Q31: =TRUNC(P31*요율기준!$B$12,-1) -> 40020 | R31: =P31+Q31 -> 440220
A32: =급여대장!A32 -> 46113 | B32: 3 | C32: =급여대장!D32 -> 다올찬 | D32: =직원정보!I7 -> 1 | E32: =급여대장!V32 -> 5849280 | F32: =E32*12 -> 70191360 | G32: =MIN(20000000,IF(F32<=5000000,F32*0.7,IF(F32<=15000000,3500000+(F32-5000000)*0.4,IF(F32<=45000000,7500000+(F32-15000000)*0.15,IF(F32<=100000000,12000000+(F32-45000000)*0.05,14750000+(F32-100000000)*0.02))))) -> 13259568 | H32: =F32-G32 -> 56931792 | I32: =D32*요율기준!$B$13 -> 1500000 | J32: ='4대보험'!F32*12 -> 3158520 | K32: =IF(D32=1,3100000+F32*0.04,IF(D32=2,3600000+F32*0.04,5000000+F32*0.07)) -> 5907654.4 | L32: =MAX(0,H32-I32-J32-K32) -> 46365618 | M32: =IF(L32<=14000000,L32*0.06,IF(L32<=50000000,840000+(L32-14000000)*0.15,IF(L32<=88000000,6240000+(L32-50000000)*0.24,IF(L32<=150000000,15360000+(L32-88000000)*0.35,IF(L32<=300000000,37060000+(L32-150000000)*0.38,IF(L32<=500000000,94060000+(L32-300000000)*0.4,IF(L32<=1000000000,174060000+(L32-500000000)*0.42,384060000+(L32-1000000000)*0.45))))))) -> 5694842.6 | N32: =MIN(IF(M32<=1300000,M32*0.55,715000+(M32-1300000)*0.3),IF(F32<=33000000,740000,IF(F32<=70000000,MAX(660000,740000-(F32-33000000)*0.008),MAX(500000,660000-(F32-70000000)*0.5)))) -> 564320 | O32: =MAX(0,M32-N32) -> 5130522.6 | P32: =TRUNC(O32/12,-1) -> 427540 | Q32: =TRUNC(P32*요율기준!$B$12,-1) -> 42750 | R32: =P32+Q32 -> 470290
A33: =급여대장!A33 -> 46143 | B33: 3 | C33: =급여대장!D33 -> 다올찬 | D33: =직원정보!I7 -> 1 | E33: =급여대장!V33 -> 5700000 | F33: =E33*12 -> 68400000 | G33: =MIN(20000000,IF(F33<=5000000,F33*0.7,IF(F33<=15000000,3500000+(F33-5000000)*0.4,IF(F33<=45000000,7500000+(F33-15000000)*0.15,IF(F33<=100000000,12000000+(F33-45000000)*0.05,14750000+(F33-100000000)*0.02))))) -> 13170000 | H33: =F33-G33 -> 55230000 | I33: =D33*요율기준!$B$13 -> 1500000 | J33: ='4대보험'!F33*12 -> 3078000 | K33: =IF(D33=1,3100000+F33*0.04,IF(D33=2,3600000+F33*0.04,5000000+F33*0.07)) -> 5836000 | L33: =MAX(0,H33-I33-J33-K33) -> 44816000 | M33: =IF(L33<=14000000,L33*0.06,IF(L33<=50000000,840000+(L33-14000000)*0.15,IF(L33<=88000000,6240000+(L33-50000000)*0.24,IF(L33<=150000000,15360000+(L33-88000000)*0.35,IF(L33<=300000000,37060000+(L33-150000000)*0.38,IF(L33<=500000000,94060000+(L33-300000000)*0.4,IF(L33<=1000000000,174060000+(L33-500000000)*0.42,384060000+(L33-1000000000)*0.45))))))) -> 5462400 | N33: =MIN(IF(M33<=1300000,M33*0.55,715000+(M33-1300000)*0.3),IF(F33<=33000000,740000,IF(F33<=70000000,MAX(660000,740000-(F33-33000000)*0.008),MAX(500000,660000-(F33-70000000)*0.5)))) -> 660000 | O33: =MAX(0,M33-N33) -> 4802400 | P33: =TRUNC(O33/12,-1) -> 400200 | Q33: =TRUNC(P33*요율기준!$B$12,-1) -> 40020 | R33: =P33+Q33 -> 440220
A34: =급여대장!A34 -> 46174 | B34: 3 | C34: =급여대장!D34 -> 다올찬 | D34: =직원정보!I7 -> 1 | E34: =급여대장!V34 -> 5849280 | F34: =E34*12 -> 70191360 | G34: =MIN(20000000,IF(F34<=5000000,F34*0.7,IF(F34<=15000000,3500000+(F34-5000000)*0.4,IF(F34<=45000000,7500000+(F34-15000000)*0.15,IF(F34<=100000000,12000000+(F34-45000000)*0.05,14750000+(F34-100000000)*0.02))))) -> 13259568 | H34: =F34-G34 -> 56931792 | I34: =D34*요율기준!$B$13 -> 1500000 | J34: ='4대보험'!F34*12 -> 3158520 | K34: =IF(D34=1,3100000+F34*0.04,IF(D34=2,3600000+F34*0.04,5000000+F34*0.07)) -> 5907654.4 | L34: =MAX(0,H34-I34-J34-K34) -> 46365618 | M34: =IF(L34<=14000000,L34*0.06,IF(L34<=50000000,840000+(L34-14000000)*0.15,IF(L34<=88000000,6240000+(L34-50000000)*0.24,IF(L34<=150000000,15360000+(L34-88000000)*0.35,IF(L34<=300000000,37060000+(L34-150000000)*0.38,IF(L34<=500000000,94060000+(L34-300000000)*0.4,IF(L34<=1000000000,174060000+(L34-500000000)*0.42,384060000+(L34-1000000000)*0.45))))))) -> 5694842.6 | N34: =MIN(IF(M34<=1300000,M34*0.55,715000+(M34-1300000)*0.3),IF(F34<=33000000,740000,IF(F34<=70000000,MAX(660000,740000-(F34-33000000)*0.008),MAX(500000,660000-(F34-70000000)*0.5)))) -> 564320 | O34: =MAX(0,M34-N34) -> 5130522.6 | P34: =TRUNC(O34/12,-1) -> 427540 | Q34: =TRUNC(P34*요율기준!$B$12,-1) -> 42750 | R34: =P34+Q34 -> 470290
A35: =급여대장!A35 -> 46204 | B35: 3 | C35: =급여대장!D35 -> 다올찬 | D35: =직원정보!I7 -> 1 | E35: =급여대장!V35 -> 5700000 | F35: =E35*12 -> 68400000 | G35: =MIN(20000000,IF(F35<=5000000,F35*0.7,IF(F35<=15000000,3500000+(F35-5000000)*0.4,IF(F35<=45000000,7500000+(F35-15000000)*0.15,IF(F35<=100000000,12000000+(F35-45000000)*0.05,14750000+(F35-100000000)*0.02))))) -> 13170000 | H35: =F35-G35 -> 55230000 | I35: =D35*요율기준!$B$13 -> 1500000 | J35: ='4대보험'!F35*12 -> 3078000 | K35: =IF(D35=1,3100000+F35*0.04,IF(D35=2,3600000+F35*0.04,5000000+F35*0.07)) -> 5836000 | L35: =MAX(0,H35-I35-J35-K35) -> 44816000 | M35: =IF(L35<=14000000,L35*0.06,IF(L35<=50000000,840000+(L35-14000000)*0.15,IF(L35<=88000000,6240000+(L35-50000000)*0.24,IF(L35<=150000000,15360000+(L35-88000000)*0.35,IF(L35<=300000000,37060000+(L35-150000000)*0.38,IF(L35<=500000000,94060000+(L35-300000000)*0.4,IF(L35<=1000000000,174060000+(L35-500000000)*0.42,384060000+(L35-1000000000)*0.45))))))) -> 5462400 | N35: =MIN(IF(M35<=1300000,M35*0.55,715000+(M35-1300000)*0.3),IF(F35<=33000000,740000,IF(F35<=70000000,MAX(660000,740000-(F35-33000000)*0.008),MAX(500000,660000-(F35-70000000)*0.5)))) -> 660000 | O35: =MAX(0,M35-N35) -> 4802400 | P35: =TRUNC(O35/12,-1) -> 400200 | Q35: =TRUNC(P35*요율기준!$B$12,-1) -> 40020 | R35: =P35+Q35 -> 440220
A36: =급여대장!A36 -> 46235 | B36: 3 | C36: =급여대장!D36 -> 다올찬 | D36: =직원정보!I7 -> 1 | E36: =급여대장!V36 -> 5849280 | F36: =E36*12 -> 70191360 | G36: =MIN(20000000,IF(F36<=5000000,F36*0.7,IF(F36<=15000000,3500000+(F36-5000000)*0.4,IF(F36<=45000000,7500000+(F36-15000000)*0.15,IF(F36<=100000000,12000000+(F36-45000000)*0.05,14750000+(F36-100000000)*0.02))))) -> 13259568 | H36: =F36-G36 -> 56931792 | I36: =D36*요율기준!$B$13 -> 1500000 | J36: ='4대보험'!F36*12 -> 3158520 | K36: =IF(D36=1,3100000+F36*0.04,IF(D36=2,3600000+F36*0.04,5000000+F36*0.07)) -> 5907654.4 | L36: =MAX(0,H36-I36-J36-K36) -> 46365618 | M36: =IF(L36<=14000000,L36*0.06,IF(L36<=50000000,840000+(L36-14000000)*0.15,IF(L36<=88000000,6240000+(L36-50000000)*0.24,IF(L36<=150000000,15360000+(L36-88000000)*0.35,IF(L36<=300000000,37060000+(L36-150000000)*0.38,IF(L36<=500000000,94060000+(L36-300000000)*0.4,IF(L36<=1000000000,174060000+(L36-500000000)*0.42,384060000+(L36-1000000000)*0.45))))))) -> 5694842.6 | N36: =MIN(IF(M36<=1300000,M36*0.55,715000+(M36-1300000)*0.3),IF(F36<=33000000,740000,IF(F36<=70000000,MAX(660000,740000-(F36-33000000)*0.008),MAX(500000,660000-(F36-70000000)*0.5)))) -> 564320 | O36: =MAX(0,M36-N36) -> 5130522.6 | P36: =TRUNC(O36/12,-1) -> 427540 | Q36: =TRUNC(P36*요율기준!$B$12,-1) -> 42750 | R36: =P36+Q36 -> 470290
A37: =급여대장!A37 -> 46266 | B37: 3 | C37: =급여대장!D37 -> 다올찬 | D37: =직원정보!I7 -> 1 | E37: =급여대장!V37 -> 5700000 | F37: =E37*12 -> 68400000 | G37: =MIN(20000000,IF(F37<=5000000,F37*0.7,IF(F37<=15000000,3500000+(F37-5000000)*0.4,IF(F37<=45000000,7500000+(F37-15000000)*0.15,IF(F37<=100000000,12000000+(F37-45000000)*0.05,14750000+(F37-100000000)*0.02))))) -> 13170000 | H37: =F37-G37 -> 55230000 | I37: =D37*요율기준!$B$13 -> 1500000 | J37: ='4대보험'!F37*12 -> 3078000 | K37: =IF(D37=1,3100000+F37*0.04,IF(D37=2,3600000+F37*0.04,5000000+F37*0.07)) -> 5836000 | L37: =MAX(0,H37-I37-J37-K37) -> 44816000 | M37: =IF(L37<=14000000,L37*0.06,IF(L37<=50000000,840000+(L37-14000000)*0.15,IF(L37<=88000000,6240000+(L37-50000000)*0.24,IF(L37<=150000000,15360000+(L37-88000000)*0.35,IF(L37<=300000000,37060000+(L37-150000000)*0.38,IF(L37<=500000000,94060000+(L37-300000000)*0.4,IF(L37<=1000000000,174060000+(L37-500000000)*0.42,384060000+(L37-1000000000)*0.45))))))) -> 5462400 | N37: =MIN(IF(M37<=1300000,M37*0.55,715000+(M37-1300000)*0.3),IF(F37<=33000000,740000,IF(F37<=70000000,MAX(660000,740000-(F37-33000000)*0.008),MAX(500000,660000-(F37-70000000)*0.5)))) -> 660000 | O37: =MAX(0,M37-N37) -> 4802400 | P37: =TRUNC(O37/12,-1) -> 400200 | Q37: =TRUNC(P37*요율기준!$B$12,-1) -> 40020 | R37: =P37+Q37 -> 440220
A38: =급여대장!A38 -> 46296 | B38: 3 | C38: =급여대장!D38 -> 다올찬 | D38: =직원정보!I7 -> 1 | E38: =급여대장!V38 -> 5849280 | F38: =E38*12 -> 70191360 | G38: =MIN(20000000,IF(F38<=5000000,F38*0.7,IF(F38<=15000000,3500000+(F38-5000000)*0.4,IF(F38<=45000000,7500000+(F38-15000000)*0.15,IF(F38<=100000000,12000000+(F38-45000000)*0.05,14750000+(F38-100000000)*0.02))))) -> 13259568 | H38: =F38-G38 -> 56931792 | I38: =D38*요율기준!$B$13 -> 1500000 | J38: ='4대보험'!F38*12 -> 3158520 | K38: =IF(D38=1,3100000+F38*0.04,IF(D38=2,3600000+F38*0.04,5000000+F38*0.07)) -> 5907654.4 | L38: =MAX(0,H38-I38-J38-K38) -> 46365618 | M38: =IF(L38<=14000000,L38*0.06,IF(L38<=50000000,840000+(L38-14000000)*0.15,IF(L38<=88000000,6240000+(L38-50000000)*0.24,IF(L38<=150000000,15360000+(L38-88000000)*0.35,IF(L38<=300000000,37060000+(L38-150000000)*0.38,IF(L38<=500000000,94060000+(L38-300000000)*0.4,IF(L38<=1000000000,174060000+(L38-500000000)*0.42,384060000+(L38-1000000000)*0.45))))))) -> 5694842.6 | N38: =MIN(IF(M38<=1300000,M38*0.55,715000+(M38-1300000)*0.3),IF(F38<=33000000,740000,IF(F38<=70000000,MAX(660000,740000-(F38-33000000)*0.008),MAX(500000,660000-(F38-70000000)*0.5)))) -> 564320 | O38: =MAX(0,M38-N38) -> 5130522.6 | P38: =TRUNC(O38/12,-1) -> 427540 | Q38: =TRUNC(P38*요율기준!$B$12,-1) -> 42750 | R38: =P38+Q38 -> 470290
A39: =급여대장!A39 -> 46327 | B39: 3 | C39: =급여대장!D39 -> 다올찬 | D39: =직원정보!I7 -> 1 | E39: =급여대장!V39 -> 5700000 | F39: =E39*12 -> 68400000 | G39: =MIN(20000000,IF(F39<=5000000,F39*0.7,IF(F39<=15000000,3500000+(F39-5000000)*0.4,IF(F39<=45000000,7500000+(F39-15000000)*0.15,IF(F39<=100000000,12000000+(F39-45000000)*0.05,14750000+(F39-100000000)*0.02))))) -> 13170000 | H39: =F39-G39 -> 55230000 | I39: =D39*요율기준!$B$13 -> 1500000 | J39: ='4대보험'!F39*12 -> 3078000 | K39: =IF(D39=1,3100000+F39*0.04,IF(D39=2,3600000+F39*0.04,5000000+F39*0.07)) -> 5836000 | L39: =MAX(0,H39-I39-J39-K39) -> 44816000 | M39: =IF(L39<=14000000,L39*0.06,IF(L39<=50000000,840000+(L39-14000000)*0.15,IF(L39<=88000000,6240000+(L39-50000000)*0.24,IF(L39<=150000000,15360000+(L39-88000000)*0.35,IF(L39<=300000000,37060000+(L39-150000000)*0.38,IF(L39<=500000000,94060000+(L39-300000000)*0.4,IF(L39<=1000000000,174060000+(L39-500000000)*0.42,384060000+(L39-1000000000)*0.45))))))) -> 5462400 | N39: =MIN(IF(M39<=1300000,M39*0.55,715000+(M39-1300000)*0.3),IF(F39<=33000000,740000,IF(F39<=70000000,MAX(660000,740000-(F39-33000000)*0.008),MAX(500000,660000-(F39-70000000)*0.5)))) -> 660000 | O39: =MAX(0,M39-N39) -> 4802400 | P39: =TRUNC(O39/12,-1) -> 400200 | Q39: =TRUNC(P39*요율기준!$B$12,-1) -> 40020 | R39: =P39+Q39 -> 440220
A40: =급여대장!A40 -> 46357 | B40: 3 | C40: =급여대장!D40 -> 다올찬 | D40: =직원정보!I7 -> 1 | E40: =급여대장!V40 -> 5849280 | F40: =E40*12 -> 70191360 | G40: =MIN(20000000,IF(F40<=5000000,F40*0.7,IF(F40<=15000000,3500000+(F40-5000000)*0.4,IF(F40<=45000000,7500000+(F40-15000000)*0.15,IF(F40<=100000000,12000000+(F40-45000000)*0.05,14750000+(F40-100000000)*0.02))))) -> 13259568 | H40: =F40-G40 -> 56931792 | I40: =D40*요율기준!$B$13 -> 1500000 | J40: ='4대보험'!F40*12 -> 3158520 | K40: =IF(D40=1,3100000+F40*0.04,IF(D40=2,3600000+F40*0.04,5000000+F40*0.07)) -> 5907654.4 | L40: =MAX(0,H40-I40-J40-K40) -> 46365618 | M40: =IF(L40<=14000000,L40*0.06,IF(L40<=50000000,840000+(L40-14000000)*0.15,IF(L40<=88000000,6240000+(L40-50000000)*0.24,IF(L40<=150000000,15360000+(L40-88000000)*0.35,IF(L40<=300000000,37060000+(L40-150000000)*0.38,IF(L40<=500000000,94060000+(L40-300000000)*0.4,IF(L40<=1000000000,174060000+(L40-500000000)*0.42,384060000+(L40-1000000000)*0.45))))))) -> 5694842.6 | N40: =MIN(IF(M40<=1300000,M40*0.55,715000+(M40-1300000)*0.3),IF(F40<=33000000,740000,IF(F40<=70000000,MAX(660000,740000-(F40-33000000)*0.008),MAX(500000,660000-(F40-70000000)*0.5)))) -> 564320 | O40: =MAX(0,M40-N40) -> 5130522.6 | P40: =TRUNC(O40/12,-1) -> 427540 | Q40: =TRUNC(P40*요율기준!$B$12,-1) -> 42750 | R40: =P40+Q40 -> 470290
A41: =급여대장!A41 -> 46023 | B41: 4 | C41: =급여대장!D41 -> 라온제 | D41: =직원정보!I8 -> 1 | E41: =급여대장!V41 -> 4100476 | F41: =E41*12 -> 49205712 | G41: =MIN(20000000,IF(F41<=5000000,F41*0.7,IF(F41<=15000000,3500000+(F41-5000000)*0.4,IF(F41<=45000000,7500000+(F41-15000000)*0.15,IF(F41<=100000000,12000000+(F41-45000000)*0.05,14750000+(F41-100000000)*0.02))))) -> 12210286 | H41: =F41-G41 -> 36995426 | I41: =D41*요율기준!$B$13 -> 1500000 | J41: ='4대보험'!F41*12 -> 2214240 | K41: =IF(D41=1,3100000+F41*0.04,IF(D41=2,3600000+F41*0.04,5000000+F41*0.07)) -> 5068228.5 | L41: =MAX(0,H41-I41-J41-K41) -> 28212958 | M41: =IF(L41<=14000000,L41*0.06,IF(L41<=50000000,840000+(L41-14000000)*0.15,IF(L41<=88000000,6240000+(L41-50000000)*0.24,IF(L41<=150000000,15360000+(L41-88000000)*0.35,IF(L41<=300000000,37060000+(L41-150000000)*0.38,IF(L41<=500000000,94060000+(L41-300000000)*0.4,IF(L41<=1000000000,174060000+(L41-500000000)*0.42,384060000+(L41-1000000000)*0.45))))))) -> 2971943.7 | N41: =MIN(IF(M41<=1300000,M41*0.55,715000+(M41-1300000)*0.3),IF(F41<=33000000,740000,IF(F41<=70000000,MAX(660000,740000-(F41-33000000)*0.008),MAX(500000,660000-(F41-70000000)*0.5)))) -> 660000 | O41: =MAX(0,M41-N41) -> 2311943.7 | P41: =TRUNC(O41/12,-1) -> 192660 | Q41: =TRUNC(P41*요율기준!$B$12,-1) -> 19260 | R41: =P41+Q41 -> 211920
A42: =급여대장!A42 -> 46054 | B42: 4 | C42: =급여대장!D42 -> 라온제 | D42: =직원정보!I8 -> 1 | E42: =급여대장!V42 -> 4000000 | F42: =E42*12 -> 48000000 | G42: =MIN(20000000,IF(F42<=5000000,F42*0.7,IF(F42<=15000000,3500000+(F42-5000000)*0.4,IF(F42<=45000000,7500000+(F42-15000000)*0.15,IF(F42<=100000000,12000000+(F42-45000000)*0.05,14750000+(F42-100000000)*0.02))))) -> 12150000 | H42: =F42-G42 -> 35850000 | I42: =D42*요율기준!$B$13 -> 1500000 | J42: ='4대보험'!F42*12 -> 2160000 | K42: =IF(D42=1,3100000+F42*0.04,IF(D42=2,3600000+F42*0.04,5000000+F42*0.07)) -> 5020000 | L42: =MAX(0,H42-I42-J42-K42) -> 27170000 | M42: =IF(L42<=14000000,L42*0.06,IF(L42<=50000000,840000+(L42-14000000)*0.15,IF(L42<=88000000,6240000+(L42-50000000)*0.24,IF(L42<=150000000,15360000+(L42-88000000)*0.35,IF(L42<=300000000,37060000+(L42-150000000)*0.38,IF(L42<=500000000,94060000+(L42-300000000)*0.4,IF(L42<=1000000000,174060000+(L42-500000000)*0.42,384060000+(L42-1000000000)*0.45))))))) -> 2815500 | N42: =MIN(IF(M42<=1300000,M42*0.55,715000+(M42-1300000)*0.3),IF(F42<=33000000,740000,IF(F42<=70000000,MAX(660000,740000-(F42-33000000)*0.008),MAX(500000,660000-(F42-70000000)*0.5)))) -> 660000 | O42: =MAX(0,M42-N42) -> 2155500 | P42: =TRUNC(O42/12,-1) -> 179620 | Q42: =TRUNC(P42*요율기준!$B$12,-1) -> 17960 | R42: =P42+Q42 -> 197580
A43: =급여대장!A43 -> 46082 | B43: 4 | C43: =급여대장!D43 -> 라온제 | D43: =직원정보!I8 -> 1 | E43: =급여대장!V43 -> 4100476 | F43: =E43*12 -> 49205712 | G43: =MIN(20000000,IF(F43<=5000000,F43*0.7,IF(F43<=15000000,3500000+(F43-5000000)*0.4,IF(F43<=45000000,7500000+(F43-15000000)*0.15,IF(F43<=100000000,12000000+(F43-45000000)*0.05,14750000+(F43-100000000)*0.02))))) -> 12210286 | H43: =F43-G43 -> 36995426 | I43: =D43*요율기준!$B$13 -> 1500000 | J43: ='4대보험'!F43*12 -> 2214240 | K43: =IF(D43=1,3100000+F43*0.04,IF(D43=2,3600000+F43*0.04,5000000+F43*0.07)) -> 5068228.5 | L43: =MAX(0,H43-I43-J43-K43) -> 28212958 | M43: =IF(L43<=14000000,L43*0.06,IF(L43<=50000000,840000+(L43-14000000)*0.15,IF(L43<=88000000,6240000+(L43-50000000)*0.24,IF(L43<=150000000,15360000+(L43-88000000)*0.35,IF(L43<=300000000,37060000+(L43-150000000)*0.38,IF(L43<=500000000,94060000+(L43-300000000)*0.4,IF(L43<=1000000000,174060000+(L43-500000000)*0.42,384060000+(L43-1000000000)*0.45))))))) -> 2971943.7 | N43: =MIN(IF(M43<=1300000,M43*0.55,715000+(M43-1300000)*0.3),IF(F43<=33000000,740000,IF(F43<=70000000,MAX(660000,740000-(F43-33000000)*0.008),MAX(500000,660000-(F43-70000000)*0.5)))) -> 660000 | O43: =MAX(0,M43-N43) -> 2311943.7 | P43: =TRUNC(O43/12,-1) -> 192660 | Q43: =TRUNC(P43*요율기준!$B$12,-1) -> 19260 | R43: =P43+Q43 -> 211920
A44: =급여대장!A44 -> 46113 | B44: 4 | C44: =급여대장!D44 -> 라온제 | D44: =직원정보!I8 -> 1 | E44: =급여대장!V44 -> 4000000 | F44: =E44*12 -> 48000000 | G44: =MIN(20000000,IF(F44<=5000000,F44*0.7,IF(F44<=15000000,3500000+(F44-5000000)*0.4,IF(F44<=45000000,7500000+(F44-15000000)*0.15,IF(F44<=100000000,12000000+(F44-45000000)*0.05,14750000+(F44-100000000)*0.02))))) -> 12150000 | H44: =F44-G44 -> 35850000 | I44: =D44*요율기준!$B$13 -> 1500000 | J44: ='4대보험'!F44*12 -> 2160000 | K44: =IF(D44=1,3100000+F44*0.04,IF(D44=2,3600000+F44*0.04,5000000+F44*0.07)) -> 5020000 | L44: =MAX(0,H44-I44-J44-K44) -> 27170000 | M44: =IF(L44<=14000000,L44*0.06,IF(L44<=50000000,840000+(L44-14000000)*0.15,IF(L44<=88000000,6240000+(L44-50000000)*0.24,IF(L44<=150000000,15360000+(L44-88000000)*0.35,IF(L44<=300000000,37060000+(L44-150000000)*0.38,IF(L44<=500000000,94060000+(L44-300000000)*0.4,IF(L44<=1000000000,174060000+(L44-500000000)*0.42,384060000+(L44-1000000000)*0.45))))))) -> 2815500 | N44: =MIN(IF(M44<=1300000,M44*0.55,715000+(M44-1300000)*0.3),IF(F44<=33000000,740000,IF(F44<=70000000,MAX(660000,740000-(F44-33000000)*0.008),MAX(500000,660000-(F44-70000000)*0.5)))) -> 660000 | O44: =MAX(0,M44-N44) -> 2155500 | P44: =TRUNC(O44/12,-1) -> 179620 | Q44: =TRUNC(P44*요율기준!$B$12,-1) -> 17960 | R44: =P44+Q44 -> 197580
A45: =급여대장!A45 -> 46143 | B45: 4 | C45: =급여대장!D45 -> 라온제 | D45: =직원정보!I8 -> 1 | E45: =급여대장!V45 -> 4100476 | F45: =E45*12 -> 49205712 | G45: =MIN(20000000,IF(F45<=5000000,F45*0.7,IF(F45<=15000000,3500000+(F45-5000000)*0.4,IF(F45<=45000000,7500000+(F45-15000000)*0.15,IF(F45<=100000000,12000000+(F45-45000000)*0.05,14750000+(F45-100000000)*0.02))))) -> 12210286 | H45: =F45-G45 -> 36995426 | I45: =D45*요율기준!$B$13 -> 1500000 | J45: ='4대보험'!F45*12 -> 2214240 | K45: =IF(D45=1,3100000+F45*0.04,IF(D45=2,3600000+F45*0.04,5000000+F45*0.07)) -> 5068228.5 | L45: =MAX(0,H45-I45-J45-K45) -> 28212958 | M45: =IF(L45<=14000000,L45*0.06,IF(L45<=50000000,840000+(L45-14000000)*0.15,IF(L45<=88000000,6240000+(L45-50000000)*0.24,IF(L45<=150000000,15360000+(L45-88000000)*0.35,IF(L45<=300000000,37060000+(L45-150000000)*0.38,IF(L45<=500000000,94060000+(L45-300000000)*0.4,IF(L45<=1000000000,174060000+(L45-500000000)*0.42,384060000+(L45-1000000000)*0.45))))))) -> 2971943.7 | N45: =MIN(IF(M45<=1300000,M45*0.55,715000+(M45-1300000)*0.3),IF(F45<=33000000,740000,IF(F45<=70000000,MAX(660000,740000-(F45-33000000)*0.008),MAX(500000,660000-(F45-70000000)*0.5)))) -> 660000 | O45: =MAX(0,M45-N45) -> 2311943.7 | P45: =TRUNC(O45/12,-1) -> 192660 | Q45: =TRUNC(P45*요율기준!$B$12,-1) -> 19260 | R45: =P45+Q45 -> 211920
A46: =급여대장!A46 -> 46174 | B46: 4 | C46: =급여대장!D46 -> 라온제 | D46: =직원정보!I8 -> 1 | E46: =급여대장!V46 -> 4000000 | F46: =E46*12 -> 48000000 | G46: =MIN(20000000,IF(F46<=5000000,F46*0.7,IF(F46<=15000000,3500000+(F46-5000000)*0.4,IF(F46<=45000000,7500000+(F46-15000000)*0.15,IF(F46<=100000000,12000000+(F46-45000000)*0.05,14750000+(F46-100000000)*0.02))))) -> 12150000 | H46: =F46-G46 -> 35850000 | I46: =D46*요율기준!$B$13 -> 1500000 | J46: ='4대보험'!F46*12 -> 2160000 | K46: =IF(D46=1,3100000+F46*0.04,IF(D46=2,3600000+F46*0.04,5000000+F46*0.07)) -> 5020000 | L46: =MAX(0,H46-I46-J46-K46) -> 27170000 | M46: =IF(L46<=14000000,L46*0.06,IF(L46<=50000000,840000+(L46-14000000)*0.15,IF(L46<=88000000,6240000+(L46-50000000)*0.24,IF(L46<=150000000,15360000+(L46-88000000)*0.35,IF(L46<=300000000,37060000+(L46-150000000)*0.38,IF(L46<=500000000,94060000+(L46-300000000)*0.4,IF(L46<=1000000000,174060000+(L46-500000000)*0.42,384060000+(L46-1000000000)*0.45))))))) -> 2815500 | N46: =MIN(IF(M46<=1300000,M46*0.55,715000+(M46-1300000)*0.3),IF(F46<=33000000,740000,IF(F46<=70000000,MAX(660000,740000-(F46-33000000)*0.008),MAX(500000,660000-(F46-70000000)*0.5)))) -> 660000 | O46: =MAX(0,M46-N46) -> 2155500 | P46: =TRUNC(O46/12,-1) -> 179620 | Q46: =TRUNC(P46*요율기준!$B$12,-1) -> 17960 | R46: =P46+Q46 -> 197580
A47: =급여대장!A47 -> 46204 | B47: 4 | C47: =급여대장!D47 -> 라온제 | D47: =직원정보!I8 -> 1 | E47: =급여대장!V47 -> 4100476 | F47: =E47*12 -> 49205712 | G47: =MIN(20000000,IF(F47<=5000000,F47*0.7,IF(F47<=15000000,3500000+(F47-5000000)*0.4,IF(F47<=45000000,7500000+(F47-15000000)*0.15,IF(F47<=100000000,12000000+(F47-45000000)*0.05,14750000+(F47-100000000)*0.02))))) -> 12210286 | H47: =F47-G47 -> 36995426 | I47: =D47*요율기준!$B$13 -> 1500000 | J47: ='4대보험'!F47*12 -> 2214240 | K47: =IF(D47=1,3100000+F47*0.04,IF(D47=2,3600000+F47*0.04,5000000+F47*0.07)) -> 5068228.5 | L47: =MAX(0,H47-I47-J47-K47) -> 28212958 | M47: =IF(L47<=14000000,L47*0.06,IF(L47<=50000000,840000+(L47-14000000)*0.15,IF(L47<=88000000,6240000+(L47-50000000)*0.24,IF(L47<=150000000,15360000+(L47-88000000)*0.35,IF(L47<=300000000,37060000+(L47-150000000)*0.38,IF(L47<=500000000,94060000+(L47-300000000)*0.4,IF(L47<=1000000000,174060000+(L47-500000000)*0.42,384060000+(L47-1000000000)*0.45))))))) -> 2971943.7 | N47: =MIN(IF(M47<=1300000,M47*0.55,715000+(M47-1300000)*0.3),IF(F47<=33000000,740000,IF(F47<=70000000,MAX(660000,740000-(F47-33000000)*0.008),MAX(500000,660000-(F47-70000000)*0.5)))) -> 660000 | O47: =MAX(0,M47-N47) -> 2311943.7 | P47: =TRUNC(O47/12,-1) -> 192660 | Q47: =TRUNC(P47*요율기준!$B$12,-1) -> 19260 | R47: =P47+Q47 -> 211920
A48: =급여대장!A48 -> 46235 | B48: 4 | C48: =급여대장!D48 -> 라온제 | D48: =직원정보!I8 -> 1 | E48: =급여대장!V48 -> 4000000 | F48: =E48*12 -> 48000000 | G48: =MIN(20000000,IF(F48<=5000000,F48*0.7,IF(F48<=15000000,3500000+(F48-5000000)*0.4,IF(F48<=45000000,7500000+(F48-15000000)*0.15,IF(F48<=100000000,12000000+(F48-45000000)*0.05,14750000+(F48-100000000)*0.02))))) -> 12150000 | H48: =F48-G48 -> 35850000 | I48: =D48*요율기준!$B$13 -> 1500000 | J48: ='4대보험'!F48*12 -> 2160000 | K48: =IF(D48=1,3100000+F48*0.04,IF(D48=2,3600000+F48*0.04,5000000+F48*0.07)) -> 5020000 | L48: =MAX(0,H48-I48-J48-K48) -> 27170000 | M48: =IF(L48<=14000000,L48*0.06,IF(L48<=50000000,840000+(L48-14000000)*0.15,IF(L48<=88000000,6240000+(L48-50000000)*0.24,IF(L48<=150000000,15360000+(L48-88000000)*0.35,IF(L48<=300000000,37060000+(L48-150000000)*0.38,IF(L48<=500000000,94060000+(L48-300000000)*0.4,IF(L48<=1000000000,174060000+(L48-500000000)*0.42,384060000+(L48-1000000000)*0.45))))))) -> 2815500 | N48: =MIN(IF(M48<=1300000,M48*0.55,715000+(M48-1300000)*0.3),IF(F48<=33000000,740000,IF(F48<=70000000,MAX(660000,740000-(F48-33000000)*0.008),MAX(500000,660000-(F48-70000000)*0.5)))) -> 660000 | O48: =MAX(0,M48-N48) -> 2155500 | P48: =TRUNC(O48/12,-1) -> 179620 | Q48: =TRUNC(P48*요율기준!$B$12,-1) -> 17960 | R48: =P48+Q48 -> 197580
A49: =급여대장!A49 -> 46266 | B49: 4 | C49: =급여대장!D49 -> 라온제 | D49: =직원정보!I8 -> 1 | E49: =급여대장!V49 -> 4100476 | F49: =E49*12 -> 49205712 | G49: =MIN(20000000,IF(F49<=5000000,F49*0.7,IF(F49<=15000000,3500000+(F49-5000000)*0.4,IF(F49<=45000000,7500000+(F49-15000000)*0.15,IF(F49<=100000000,12000000+(F49-45000000)*0.05,14750000+(F49-100000000)*0.02))))) -> 12210286 | H49: =F49-G49 -> 36995426 | I49: =D49*요율기준!$B$13 -> 1500000 | J49: ='4대보험'!F49*12 -> 2214240 | K49: =IF(D49=1,3100000+F49*0.04,IF(D49=2,3600000+F49*0.04,5000000+F49*0.07)) -> 5068228.5 | L49: =MAX(0,H49-I49-J49-K49) -> 28212958 | M49: =IF(L49<=14000000,L49*0.06,IF(L49<=50000000,840000+(L49-14000000)*0.15,IF(L49<=88000000,6240000+(L49-50000000)*0.24,IF(L49<=150000000,15360000+(L49-88000000)*0.35,IF(L49<=300000000,37060000+(L49-150000000)*0.38,IF(L49<=500000000,94060000+(L49-300000000)*0.4,IF(L49<=1000000000,174060000+(L49-500000000)*0.42,384060000+(L49-1000000000)*0.45))))))) -> 2971943.7 | N49: =MIN(IF(M49<=1300000,M49*0.55,715000+(M49-1300000)*0.3),IF(F49<=33000000,740000,IF(F49<=70000000,MAX(660000,740000-(F49-33000000)*0.008),MAX(500000,660000-(F49-70000000)*0.5)))) -> 660000 | O49: =MAX(0,M49-N49) -> 2311943.7 | P49: =TRUNC(O49/12,-1) -> 192660 | Q49: =TRUNC(P49*요율기준!$B$12,-1) -> 19260 | R49: =P49+Q49 -> 211920
A50: =급여대장!A50 -> 46296 | B50: 4 | C50: =급여대장!D50 -> 라온제 | D50: =직원정보!I8 -> 1 | E50: =급여대장!V50 -> 4000000 | F50: =E50*12 -> 48000000 | G50: =MIN(20000000,IF(F50<=5000000,F50*0.7,IF(F50<=15000000,3500000+(F50-5000000)*0.4,IF(F50<=45000000,7500000+(F50-15000000)*0.15,IF(F50<=100000000,12000000+(F50-45000000)*0.05,14750000+(F50-100000000)*0.02))))) -> 12150000 | H50: =F50-G50 -> 35850000 | I50: =D50*요율기준!$B$13 -> 1500000 | J50: ='4대보험'!F50*12 -> 2160000 | K50: =IF(D50=1,3100000+F50*0.04,IF(D50=2,3600000+F50*0.04,5000000+F50*0.07)) -> 5020000 | L50: =MAX(0,H50-I50-J50-K50) -> 27170000 | M50: =IF(L50<=14000000,L50*0.06,IF(L50<=50000000,840000+(L50-14000000)*0.15,IF(L50<=88000000,6240000+(L50-50000000)*0.24,IF(L50<=150000000,15360000+(L50-88000000)*0.35,IF(L50<=300000000,37060000+(L50-150000000)*0.38,IF(L50<=500000000,94060000+(L50-300000000)*0.4,IF(L50<=1000000000,174060000+(L50-500000000)*0.42,384060000+(L50-1000000000)*0.45))))))) -> 2815500 | N50: =MIN(IF(M50<=1300000,M50*0.55,715000+(M50-1300000)*0.3),IF(F50<=33000000,740000,IF(F50<=70000000,MAX(660000,740000-(F50-33000000)*0.008),MAX(500000,660000-(F50-70000000)*0.5)))) -> 660000 | O50: =MAX(0,M50-N50) -> 2155500 | P50: =TRUNC(O50/12,-1) -> 179620 | Q50: =TRUNC(P50*요율기준!$B$12,-1) -> 17960 | R50: =P50+Q50 -> 197580
A51: =급여대장!A51 -> 46327 | B51: 4 | C51: =급여대장!D51 -> 라온제 | D51: =직원정보!I8 -> 1 | E51: =급여대장!V51 -> 4100476 | F51: =E51*12 -> 49205712 | G51: =MIN(20000000,IF(F51<=5000000,F51*0.7,IF(F51<=15000000,3500000+(F51-5000000)*0.4,IF(F51<=45000000,7500000+(F51-15000000)*0.15,IF(F51<=100000000,12000000+(F51-45000000)*0.05,14750000+(F51-100000000)*0.02))))) -> 12210286 | H51: =F51-G51 -> 36995426 | I51: =D51*요율기준!$B$13 -> 1500000 | J51: ='4대보험'!F51*12 -> 2214240 | K51: =IF(D51=1,3100000+F51*0.04,IF(D51=2,3600000+F51*0.04,5000000+F51*0.07)) -> 5068228.5 | L51: =MAX(0,H51-I51-J51-K51) -> 28212958 | M51: =IF(L51<=14000000,L51*0.06,IF(L51<=50000000,840000+(L51-14000000)*0.15,IF(L51<=88000000,6240000+(L51-50000000)*0.24,IF(L51<=150000000,15360000+(L51-88000000)*0.35,IF(L51<=300000000,37060000+(L51-150000000)*0.38,IF(L51<=500000000,94060000+(L51-300000000)*0.4,IF(L51<=1000000000,174060000+(L51-500000000)*0.42,384060000+(L51-1000000000)*0.45))))))) -> 2971943.7 | N51: =MIN(IF(M51<=1300000,M51*0.55,715000+(M51-1300000)*0.3),IF(F51<=33000000,740000,IF(F51<=70000000,MAX(660000,740000-(F51-33000000)*0.008),MAX(500000,660000-(F51-70000000)*0.5)))) -> 660000 | O51: =MAX(0,M51-N51) -> 2311943.7 | P51: =TRUNC(O51/12,-1) -> 192660 | Q51: =TRUNC(P51*요율기준!$B$12,-1) -> 19260 | R51: =P51+Q51 -> 211920
A52: =급여대장!A52 -> 46357 | B52: 4 | C52: =급여대장!D52 -> 라온제 | D52: =직원정보!I8 -> 1 | E52: =급여대장!V52 -> 4000000 | F52: =E52*12 -> 48000000 | G52: =MIN(20000000,IF(F52<=5000000,F52*0.7,IF(F52<=15000000,3500000+(F52-5000000)*0.4,IF(F52<=45000000,7500000+(F52-15000000)*0.15,IF(F52<=100000000,12000000+(F52-45000000)*0.05,14750000+(F52-100000000)*0.02))))) -> 12150000 | H52: =F52-G52 -> 35850000 | I52: =D52*요율기준!$B$13 -> 1500000 | J52: ='4대보험'!F52*12 -> 2160000 | K52: =IF(D52=1,3100000+F52*0.04,IF(D52=2,3600000+F52*0.04,5000000+F52*0.07)) -> 5020000 | L52: =MAX(0,H52-I52-J52-K52) -> 27170000 | M52: =IF(L52<=14000000,L52*0.06,IF(L52<=50000000,840000+(L52-14000000)*0.15,IF(L52<=88000000,6240000+(L52-50000000)*0.24,IF(L52<=150000000,15360000+(L52-88000000)*0.35,IF(L52<=300000000,37060000+(L52-150000000)*0.38,IF(L52<=500000000,94060000+(L52-300000000)*0.4,IF(L52<=1000000000,174060000+(L52-500000000)*0.42,384060000+(L52-1000000000)*0.45))))))) -> 2815500 | N52: =MIN(IF(M52<=1300000,M52*0.55,715000+(M52-1300000)*0.3),IF(F52<=33000000,740000,IF(F52<=70000000,MAX(660000,740000-(F52-33000000)*0.008),MAX(500000,660000-(F52-70000000)*0.5)))) -> 660000 | O52: =MAX(0,M52-N52) -> 2155500 | P52: =TRUNC(O52/12,-1) -> 179620 | Q52: =TRUNC(P52*요율기준!$B$12,-1) -> 17960 | R52: =P52+Q52 -> 197580
A53: =급여대장!A53 -> 46023 | B53: 5 | C53: =급여대장!D53 -> 마루한 | D53: =직원정보!I9 -> 1 | E53: =급여대장!V53 -> 5934682 | F53: =E53*12 -> 71216184 | G53: =MIN(20000000,IF(F53<=5000000,F53*0.7,IF(F53<=15000000,3500000+(F53-5000000)*0.4,IF(F53<=45000000,7500000+(F53-15000000)*0.15,IF(F53<=100000000,12000000+(F53-45000000)*0.05,14750000+(F53-100000000)*0.02))))) -> 13310809 | H53: =F53-G53 -> 57905375 | I53: =D53*요율기준!$B$13 -> 1500000 | J53: ='4대보험'!F53*12 -> 3204720 | K53: =IF(D53=1,3100000+F53*0.04,IF(D53=2,3600000+F53*0.04,5000000+F53*0.07)) -> 5948647.4 | L53: =MAX(0,H53-I53-J53-K53) -> 47252007 | M53: =IF(L53<=14000000,L53*0.06,IF(L53<=50000000,840000+(L53-14000000)*0.15,IF(L53<=88000000,6240000+(L53-50000000)*0.24,IF(L53<=150000000,15360000+(L53-88000000)*0.35,IF(L53<=300000000,37060000+(L53-150000000)*0.38,IF(L53<=500000000,94060000+(L53-300000000)*0.4,IF(L53<=1000000000,174060000+(L53-500000000)*0.42,384060000+(L53-1000000000)*0.45))))))) -> 5827801.1 | N53: =MIN(IF(M53<=1300000,M53*0.55,715000+(M53-1300000)*0.3),IF(F53<=33000000,740000,IF(F53<=70000000,MAX(660000,740000-(F53-33000000)*0.008),MAX(500000,660000-(F53-70000000)*0.5)))) -> 500000 | O53: =MAX(0,M53-N53) -> 5327801.1 | P53: =TRUNC(O53/12,-1) -> 443980 | Q53: =TRUNC(P53*요율기준!$B$12,-1) -> 44390 | R53: =P53+Q53 -> 488370
A54: =급여대장!A54 -> 46054 | B54: 5 | C54: =급여대장!D54 -> 마루한 | D54: =직원정보!I9 -> 1 | E54: =급여대장!V54 -> 5996404 | F54: =E54*12 -> 71956848 | G54: =MIN(20000000,IF(F54<=5000000,F54*0.7,IF(F54<=15000000,3500000+(F54-5000000)*0.4,IF(F54<=45000000,7500000+(F54-15000000)*0.15,IF(F54<=100000000,12000000+(F54-45000000)*0.05,14750000+(F54-100000000)*0.02))))) -> 13347842 | H54: =F54-G54 -> 58609006 | I54: =D54*요율기준!$B$13 -> 1500000 | J54: ='4대보험'!F54*12 -> 3237960 | K54: =IF(D54=1,3100000+F54*0.04,IF(D54=2,3600000+F54*0.04,5000000+F54*0.07)) -> 5978273.9 | L54: =MAX(0,H54-I54-J54-K54) -> 47892772 | M54: =IF(L54<=14000000,L54*0.06,IF(L54<=50000000,840000+(L54-14000000)*0.15,IF(L54<=88000000,6240000+(L54-50000000)*0.24,IF(L54<=150000000,15360000+(L54-88000000)*0.35,IF(L54<=300000000,37060000+(L54-150000000)*0.38,IF(L54<=500000000,94060000+(L54-300000000)*0.4,IF(L54<=1000000000,174060000+(L54-500000000)*0.42,384060000+(L54-1000000000)*0.45))))))) -> 5923915.8 | N54: =MIN(IF(M54<=1300000,M54*0.55,715000+(M54-1300000)*0.3),IF(F54<=33000000,740000,IF(F54<=70000000,MAX(660000,740000-(F54-33000000)*0.008),MAX(500000,660000-(F54-70000000)*0.5)))) -> 500000 | O54: =MAX(0,M54-N54) -> 5423915.8 | P54: =TRUNC(O54/12,-1) -> 451990 | Q54: =TRUNC(P54*요율기준!$B$12,-1) -> 45190 | R54: =P54+Q54 -> 497180
A55: =급여대장!A55 -> 46082 | B55: 5 | C55: =급여대장!D55 -> 마루한 | D55: =직원정보!I9 -> 1 | E55: =급여대장!V55 -> 5410045 | F55: =E55*12 -> 64920540 | G55: =MIN(20000000,IF(F55<=5000000,F55*0.7,IF(F55<=15000000,3500000+(F55-5000000)*0.4,IF(F55<=45000000,7500000+(F55-15000000)*0.15,IF(F55<=100000000,12000000+(F55-45000000)*0.05,14750000+(F55-100000000)*0.02))))) -> 12996027 | H55: =F55-G55 -> 51924513 | I55: =D55*요율기준!$B$13 -> 1500000 | J55: ='4대보험'!F55*12 -> 2921400 | K55: =IF(D55=1,3100000+F55*0.04,IF(D55=2,3600000+F55*0.04,5000000+F55*0.07)) -> 5696821.6 | L55: =MAX(0,H55-I55-J55-K55) -> 41806291 | M55: =IF(L55<=14000000,L55*0.06,IF(L55<=50000000,840000+(L55-14000000)*0.15,IF(L55<=88000000,6240000+(L55-50000000)*0.24,IF(L55<=150000000,15360000+(L55-88000000)*0.35,IF(L55<=300000000,37060000+(L55-150000000)*0.38,IF(L55<=500000000,94060000+(L55-300000000)*0.4,IF(L55<=1000000000,174060000+(L55-500000000)*0.42,384060000+(L55-1000000000)*0.45))))))) -> 5010943.7 | N55: =MIN(IF(M55<=1300000,M55*0.55,715000+(M55-1300000)*0.3),IF(F55<=33000000,740000,IF(F55<=70000000,MAX(660000,740000-(F55-33000000)*0.008),MAX(500000,660000-(F55-70000000)*0.5)))) -> 660000 | O55: =MAX(0,M55-N55) -> 4350943.7 | P55: =TRUNC(O55/12,-1) -> 362570 | Q55: =TRUNC(P55*요율기준!$B$12,-1) -> 36250 | R55: =P55+Q55 -> 398820
A56: =급여대장!A56 -> 46113 | B56: 5 | C56: =급여대장!D56 -> 마루한 | D56: =직원정보!I9 -> 1 | E56: =급여대장!V56 -> 5595211 | F56: =E56*12 -> 67142532 | G56: =MIN(20000000,IF(F56<=5000000,F56*0.7,IF(F56<=15000000,3500000+(F56-5000000)*0.4,IF(F56<=45000000,7500000+(F56-15000000)*0.15,IF(F56<=100000000,12000000+(F56-45000000)*0.05,14750000+(F56-100000000)*0.02))))) -> 13107127 | H56: =F56-G56 -> 54035405 | I56: =D56*요율기준!$B$13 -> 1500000 | J56: ='4대보험'!F56*12 -> 3021360 | K56: =IF(D56=1,3100000+F56*0.04,IF(D56=2,3600000+F56*0.04,5000000+F56*0.07)) -> 5785701.3 | L56: =MAX(0,H56-I56-J56-K56) -> 43728344 | M56: =IF(L56<=14000000,L56*0.06,IF(L56<=50000000,840000+(L56-14000000)*0.15,IF(L56<=88000000,6240000+(L56-50000000)*0.24,IF(L56<=150000000,15360000+(L56-88000000)*0.35,IF(L56<=300000000,37060000+(L56-150000000)*0.38,IF(L56<=500000000,94060000+(L56-300000000)*0.4,IF(L56<=1000000000,174060000+(L56-500000000)*0.42,384060000+(L56-1000000000)*0.45))))))) -> 5299251.6 | N56: =MIN(IF(M56<=1300000,M56*0.55,715000+(M56-1300000)*0.3),IF(F56<=33000000,740000,IF(F56<=70000000,MAX(660000,740000-(F56-33000000)*0.008),MAX(500000,660000-(F56-70000000)*0.5)))) -> 660000 | O56: =MAX(0,M56-N56) -> 4639251.6 | P56: =TRUNC(O56/12,-1) -> 386600 | Q56: =TRUNC(P56*요율기준!$B$12,-1) -> 38660 | R56: =P56+Q56 -> 425260
A57: =급여대장!A57 -> 46143 | B57: 5 | C57: =급여대장!D57 -> 마루한 | D57: =직원정보!I9 -> 1 | E57: =급여대장!V57 -> 5780377 | F57: =E57*12 -> 69364524 | G57: =MIN(20000000,IF(F57<=5000000,F57*0.7,IF(F57<=15000000,3500000+(F57-5000000)*0.4,IF(F57<=45000000,7500000+(F57-15000000)*0.15,IF(F57<=100000000,12000000+(F57-45000000)*0.05,14750000+(F57-100000000)*0.02))))) -> 13218226 | H57: =F57-G57 -> 56146298 | I57: =D57*요율기준!$B$13 -> 1500000 | J57: ='4대보험'!F57*12 -> 3121320 | K57: =IF(D57=1,3100000+F57*0.04,IF(D57=2,3600000+F57*0.04,5000000+F57*0.07)) -> 5874581 | L57: =MAX(0,H57-I57-J57-K57) -> 45650397 | M57: =IF(L57<=14000000,L57*0.06,IF(L57<=50000000,840000+(L57-14000000)*0.15,IF(L57<=88000000,6240000+(L57-50000000)*0.24,IF(L57<=150000000,15360000+(L57-88000000)*0.35,IF(L57<=300000000,37060000+(L57-150000000)*0.38,IF(L57<=500000000,94060000+(L57-300000000)*0.4,IF(L57<=1000000000,174060000+(L57-500000000)*0.42,384060000+(L57-1000000000)*0.45))))))) -> 5587559.5 | N57: =MIN(IF(M57<=1300000,M57*0.55,715000+(M57-1300000)*0.3),IF(F57<=33000000,740000,IF(F57<=70000000,MAX(660000,740000-(F57-33000000)*0.008),MAX(500000,660000-(F57-70000000)*0.5)))) -> 660000 | O57: =MAX(0,M57-N57) -> 4927559.5 | P57: =TRUNC(O57/12,-1) -> 410620 | Q57: =TRUNC(P57*요율기준!$B$12,-1) -> 41060 | R57: =P57+Q57 -> 451680
A58: =급여대장!A58 -> 46174 | B58: 5 | C58: =급여대장!D58 -> 마루한 | D58: =직원정보!I9 -> 1 | E58: =급여대장!V58 -> 5842099 | F58: =E58*12 -> 70105188 | G58: =MIN(20000000,IF(F58<=5000000,F58*0.7,IF(F58<=15000000,3500000+(F58-5000000)*0.4,IF(F58<=45000000,7500000+(F58-15000000)*0.15,IF(F58<=100000000,12000000+(F58-45000000)*0.05,14750000+(F58-100000000)*0.02))))) -> 13255259 | H58: =F58-G58 -> 56849929 | I58: =D58*요율기준!$B$13 -> 1500000 | J58: ='4대보험'!F58*12 -> 3154680 | K58: =IF(D58=1,3100000+F58*0.04,IF(D58=2,3600000+F58*0.04,5000000+F58*0.07)) -> 5904207.5 | L58: =MAX(0,H58-I58-J58-K58) -> 46291041 | M58: =IF(L58<=14000000,L58*0.06,IF(L58<=50000000,840000+(L58-14000000)*0.15,IF(L58<=88000000,6240000+(L58-50000000)*0.24,IF(L58<=150000000,15360000+(L58-88000000)*0.35,IF(L58<=300000000,37060000+(L58-150000000)*0.38,IF(L58<=500000000,94060000+(L58-300000000)*0.4,IF(L58<=1000000000,174060000+(L58-500000000)*0.42,384060000+(L58-1000000000)*0.45))))))) -> 5683656.2 | N58: =MIN(IF(M58<=1300000,M58*0.55,715000+(M58-1300000)*0.3),IF(F58<=33000000,740000,IF(F58<=70000000,MAX(660000,740000-(F58-33000000)*0.008),MAX(500000,660000-(F58-70000000)*0.5)))) -> 607406 | O58: =MAX(0,M58-N58) -> 5076250.2 | P58: =TRUNC(O58/12,-1) -> 423020 | Q58: =TRUNC(P58*요율기준!$B$12,-1) -> 42300 | R58: =P58+Q58 -> 465320
A59: =급여대장!A59 -> 46204 | B59: 5 | C59: =급여대장!D59 -> 마루한 | D59: =직원정보!I9 -> 1 | E59: =급여대장!V59 -> 6027265 | F59: =E59*12 -> 72327180 | G59: =MIN(20000000,IF(F59<=5000000,F59*0.7,IF(F59<=15000000,3500000+(F59-5000000)*0.4,IF(F59<=45000000,7500000+(F59-15000000)*0.15,IF(F59<=100000000,12000000+(F59-45000000)*0.05,14750000+(F59-100000000)*0.02))))) -> 13366359 | H59: =F59-G59 -> 58960821 | I59: =D59*요율기준!$B$13 -> 1500000 | J59: ='4대보험'!F59*12 -> 3254640 | K59: =IF(D59=1,3100000+F59*0.04,IF(D59=2,3600000+F59*0.04,5000000+F59*0.07)) -> 5993087.2 | L59: =MAX(0,H59-I59-J59-K59) -> 48213094 | M59: =IF(L59<=14000000,L59*0.06,IF(L59<=50000000,840000+(L59-14000000)*0.15,IF(L59<=88000000,6240000+(L59-50000000)*0.24,IF(L59<=150000000,15360000+(L59-88000000)*0.35,IF(L59<=300000000,37060000+(L59-150000000)*0.38,IF(L59<=500000000,94060000+(L59-300000000)*0.4,IF(L59<=1000000000,174060000+(L59-500000000)*0.42,384060000+(L59-1000000000)*0.45))))))) -> 5971964.1 | N59: =MIN(IF(M59<=1300000,M59*0.55,715000+(M59-1300000)*0.3),IF(F59<=33000000,740000,IF(F59<=70000000,MAX(660000,740000-(F59-33000000)*0.008),MAX(500000,660000-(F59-70000000)*0.5)))) -> 500000 | O59: =MAX(0,M59-N59) -> 5471964.1 | P59: =TRUNC(O59/12,-1) -> 455990 | Q59: =TRUNC(P59*요율기준!$B$12,-1) -> 45590 | R59: =P59+Q59 -> 501580
A60: =급여대장!A60 -> 46235 | B60: 5 | C60: =급여대장!D60 -> 마루한 | D60: =직원정보!I9 -> 1 | E60: =급여대장!V60 -> 5440906 | F60: =E60*12 -> 65290872 | G60: =MIN(20000000,IF(F60<=5000000,F60*0.7,IF(F60<=15000000,3500000+(F60-5000000)*0.4,IF(F60<=45000000,7500000+(F60-15000000)*0.15,IF(F60<=100000000,12000000+(F60-45000000)*0.05,14750000+(F60-100000000)*0.02))))) -> 13014544 | H60: =F60-G60 -> 52276328 | I60: =D60*요율기준!$B$13 -> 1500000 | J60: ='4대보험'!F60*12 -> 2938080 | K60: =IF(D60=1,3100000+F60*0.04,IF(D60=2,3600000+F60*0.04,5000000+F60*0.07)) -> 5711634.9 | L60: =MAX(0,H60-I60-J60-K60) -> 42126614 | M60: =IF(L60<=14000000,L60*0.06,IF(L60<=50000000,840000+(L60-14000000)*0.15,IF(L60<=88000000,6240000+(L60-50000000)*0.24,IF(L60<=150000000,15360000+(L60-88000000)*0.35,IF(L60<=300000000,37060000+(L60-150000000)*0.38,IF(L60<=500000000,94060000+(L60-300000000)*0.4,IF(L60<=1000000000,174060000+(L60-500000000)*0.42,384060000+(L60-1000000000)*0.45))))))) -> 5058992 | N60: =MIN(IF(M60<=1300000,M60*0.55,715000+(M60-1300000)*0.3),IF(F60<=33000000,740000,IF(F60<=70000000,MAX(660000,740000-(F60-33000000)*0.008),MAX(500000,660000-(F60-70000000)*0.5)))) -> 660000 | O60: =MAX(0,M60-N60) -> 4398992 | P60: =TRUNC(O60/12,-1) -> 366580 | Q60: =TRUNC(P60*요율기준!$B$12,-1) -> 36650 | R60: =P60+Q60 -> 403230
A61: =급여대장!A61 -> 46266 | B61: 5 | C61: =급여대장!D61 -> 마루한 | D61: =직원정보!I9 -> 1 | E61: =급여대장!V61 -> 5626072 | F61: =E61*12 -> 67512864 | G61: =MIN(20000000,IF(F61<=5000000,F61*0.7,IF(F61<=15000000,3500000+(F61-5000000)*0.4,IF(F61<=45000000,7500000+(F61-15000000)*0.15,IF(F61<=100000000,12000000+(F61-45000000)*0.05,14750000+(F61-100000000)*0.02))))) -> 13125643 | H61: =F61-G61 -> 54387221 | I61: =D61*요율기준!$B$13 -> 1500000 | J61: ='4대보험'!F61*12 -> 3038040 | K61: =IF(D61=1,3100000+F61*0.04,IF(D61=2,3600000+F61*0.04,5000000+F61*0.07)) -> 5800514.6 | L61: =MAX(0,H61-I61-J61-K61) -> 44048666 | M61: =IF(L61<=14000000,L61*0.06,IF(L61<=50000000,840000+(L61-14000000)*0.15,IF(L61<=88000000,6240000+(L61-50000000)*0.24,IF(L61<=150000000,15360000+(L61-88000000)*0.35,IF(L61<=300000000,37060000+(L61-150000000)*0.38,IF(L61<=500000000,94060000+(L61-300000000)*0.4,IF(L61<=1000000000,174060000+(L61-500000000)*0.42,384060000+(L61-1000000000)*0.45))))))) -> 5347299.9 | N61: =MIN(IF(M61<=1300000,M61*0.55,715000+(M61-1300000)*0.3),IF(F61<=33000000,740000,IF(F61<=70000000,MAX(660000,740000-(F61-33000000)*0.008),MAX(500000,660000-(F61-70000000)*0.5)))) -> 660000 | O61: =MAX(0,M61-N61) -> 4687299.9 | P61: =TRUNC(O61/12,-1) -> 390600 | Q61: =TRUNC(P61*요율기준!$B$12,-1) -> 39060 | R61: =P61+Q61 -> 429660
A62: =급여대장!A62 -> 46296 | B62: 5 | C62: =급여대장!D62 -> 마루한 | D62: =직원정보!I9 -> 1 | E62: =급여대장!V62 -> 5687794 | F62: =E62*12 -> 68253528 | G62: =MIN(20000000,IF(F62<=5000000,F62*0.7,IF(F62<=15000000,3500000+(F62-5000000)*0.4,IF(F62<=45000000,7500000+(F62-15000000)*0.15,IF(F62<=100000000,12000000+(F62-45000000)*0.05,14750000+(F62-100000000)*0.02))))) -> 13162676 | H62: =F62-G62 -> 55090852 | I62: =D62*요율기준!$B$13 -> 1500000 | J62: ='4대보험'!F62*12 -> 3071400 | K62: =IF(D62=1,3100000+F62*0.04,IF(D62=2,3600000+F62*0.04,5000000+F62*0.07)) -> 5830141.1 | L62: =MAX(0,H62-I62-J62-K62) -> 44689310 | M62: =IF(L62<=14000000,L62*0.06,IF(L62<=50000000,840000+(L62-14000000)*0.15,IF(L62<=88000000,6240000+(L62-50000000)*0.24,IF(L62<=150000000,15360000+(L62-88000000)*0.35,IF(L62<=300000000,37060000+(L62-150000000)*0.38,IF(L62<=500000000,94060000+(L62-300000000)*0.4,IF(L62<=1000000000,174060000+(L62-500000000)*0.42,384060000+(L62-1000000000)*0.45))))))) -> 5443396.6 | N62: =MIN(IF(M62<=1300000,M62*0.55,715000+(M62-1300000)*0.3),IF(F62<=33000000,740000,IF(F62<=70000000,MAX(660000,740000-(F62-33000000)*0.008),MAX(500000,660000-(F62-70000000)*0.5)))) -> 660000 | O62: =MAX(0,M62-N62) -> 4783396.6 | P62: =TRUNC(O62/12,-1) -> 398610 | Q62: =TRUNC(P62*요율기준!$B$12,-1) -> 39860 | R62: =P62+Q62 -> 438470
A63: =급여대장!A63 -> 46327 | B63: 5 | C63: =급여대장!D63 -> 마루한 | D63: =직원정보!I9 -> 1 | E63: =급여대장!V63 -> 5872960 | F63: =E63*12 -> 70475520 | G63: =MIN(20000000,IF(F63<=5000000,F63*0.7,IF(F63<=15000000,3500000+(F63-5000000)*0.4,IF(F63<=45000000,7500000+(F63-15000000)*0.15,IF(F63<=100000000,12000000+(F63-45000000)*0.05,14750000+(F63-100000000)*0.02))))) -> 13273776 | H63: =F63-G63 -> 57201744 | I63: =D63*요율기준!$B$13 -> 1500000 | J63: ='4대보험'!F63*12 -> 3171360 | K63: =IF(D63=1,3100000+F63*0.04,IF(D63=2,3600000+F63*0.04,5000000+F63*0.07)) -> 5919020.8 | L63: =MAX(0,H63-I63-J63-K63) -> 46611363 | M63: =IF(L63<=14000000,L63*0.06,IF(L63<=50000000,840000+(L63-14000000)*0.15,IF(L63<=88000000,6240000+(L63-50000000)*0.24,IF(L63<=150000000,15360000+(L63-88000000)*0.35,IF(L63<=300000000,37060000+(L63-150000000)*0.38,IF(L63<=500000000,94060000+(L63-300000000)*0.4,IF(L63<=1000000000,174060000+(L63-500000000)*0.42,384060000+(L63-1000000000)*0.45))))))) -> 5731704.5 | N63: =MIN(IF(M63<=1300000,M63*0.55,715000+(M63-1300000)*0.3),IF(F63<=33000000,740000,IF(F63<=70000000,MAX(660000,740000-(F63-33000000)*0.008),MAX(500000,660000-(F63-70000000)*0.5)))) -> 500000 | O63: =MAX(0,M63-N63) -> 5231704.5 | P63: =TRUNC(O63/12,-1) -> 435970 | Q63: =TRUNC(P63*요율기준!$B$12,-1) -> 43590 | R63: =P63+Q63 -> 479560
A64: =급여대장!A64 -> 46357 | B64: 5 | C64: =급여대장!D64 -> 마루한 | D64: =직원정보!I9 -> 1 | E64: =급여대장!V64 -> 6058126 | F64: =E64*12 -> 72697512 | G64: =MIN(20000000,IF(F64<=5000000,F64*0.7,IF(F64<=15000000,3500000+(F64-5000000)*0.4,IF(F64<=45000000,7500000+(F64-15000000)*0.15,IF(F64<=100000000,12000000+(F64-45000000)*0.05,14750000+(F64-100000000)*0.02))))) -> 13384876 | H64: =F64-G64 -> 59312636 | I64: =D64*요율기준!$B$13 -> 1500000 | J64: ='4대보험'!F64*12 -> 3271320 | K64: =IF(D64=1,3100000+F64*0.04,IF(D64=2,3600000+F64*0.04,5000000+F64*0.07)) -> 6007900.5 | L64: =MAX(0,H64-I64-J64-K64) -> 48533416 | M64: =IF(L64<=14000000,L64*0.06,IF(L64<=50000000,840000+(L64-14000000)*0.15,IF(L64<=88000000,6240000+(L64-50000000)*0.24,IF(L64<=150000000,15360000+(L64-88000000)*0.35,IF(L64<=300000000,37060000+(L64-150000000)*0.38,IF(L64<=500000000,94060000+(L64-300000000)*0.4,IF(L64<=1000000000,174060000+(L64-500000000)*0.42,384060000+(L64-1000000000)*0.45))))))) -> 6020012.4 | N64: =MIN(IF(M64<=1300000,M64*0.55,715000+(M64-1300000)*0.3),IF(F64<=33000000,740000,IF(F64<=70000000,MAX(660000,740000-(F64-33000000)*0.008),MAX(500000,660000-(F64-70000000)*0.5)))) -> 500000 | O64: =MAX(0,M64-N64) -> 5520012.4 | P64: =TRUNC(O64/12,-1) -> 460000 | Q64: =TRUNC(P64*요율기준!$B$12,-1) -> 46000 | R64: =P64+Q64 -> 506000
A65: =급여대장!A65 -> 46023 | B65: 6 | C65: =급여대장!D65 -> 바다별 | D65: =직원정보!I10 -> 1 | E65: =급여대장!V65 -> 5924395 | F65: =E65*12 -> 71092740 | G65: =MIN(20000000,IF(F65<=5000000,F65*0.7,IF(F65<=15000000,3500000+(F65-5000000)*0.4,IF(F65<=45000000,7500000+(F65-15000000)*0.15,IF(F65<=100000000,12000000+(F65-45000000)*0.05,14750000+(F65-100000000)*0.02))))) -> 13304637 | H65: =F65-G65 -> 57788103 | I65: =D65*요율기준!$B$13 -> 1500000 | J65: ='4대보험'!F65*12 -> 3199080 | K65: =IF(D65=1,3100000+F65*0.04,IF(D65=2,3600000+F65*0.04,5000000+F65*0.07)) -> 5943709.6 | L65: =MAX(0,H65-I65-J65-K65) -> 47145313 | M65: =IF(L65<=14000000,L65*0.06,IF(L65<=50000000,840000+(L65-14000000)*0.15,IF(L65<=88000000,6240000+(L65-50000000)*0.24,IF(L65<=150000000,15360000+(L65-88000000)*0.35,IF(L65<=300000000,37060000+(L65-150000000)*0.38,IF(L65<=500000000,94060000+(L65-300000000)*0.4,IF(L65<=1000000000,174060000+(L65-500000000)*0.42,384060000+(L65-1000000000)*0.45))))))) -> 5811797 | N65: =MIN(IF(M65<=1300000,M65*0.55,715000+(M65-1300000)*0.3),IF(F65<=33000000,740000,IF(F65<=70000000,MAX(660000,740000-(F65-33000000)*0.008),MAX(500000,660000-(F65-70000000)*0.5)))) -> 500000 | O65: =MAX(0,M65-N65) -> 5311797 | P65: =TRUNC(O65/12,-1) -> 442640 | Q65: =TRUNC(P65*요율기준!$B$12,-1) -> 44260 | R65: =P65+Q65 -> 486900
A66: =급여대장!A66 -> 46054 | B66: 6 | C66: =급여대장!D66 -> 바다별 | D66: =직원정보!I10 -> 1 | E66: =급여대장!V66 -> 5338036 | F66: =E66*12 -> 64056432 | G66: =MIN(20000000,IF(F66<=5000000,F66*0.7,IF(F66<=15000000,3500000+(F66-5000000)*0.4,IF(F66<=45000000,7500000+(F66-15000000)*0.15,IF(F66<=100000000,12000000+(F66-45000000)*0.05,14750000+(F66-100000000)*0.02))))) -> 12952822 | H66: =F66-G66 -> 51103610 | I66: =D66*요율기준!$B$13 -> 1500000 | J66: ='4대보험'!F66*12 -> 2882520 | K66: =IF(D66=1,3100000+F66*0.04,IF(D66=2,3600000+F66*0.04,5000000+F66*0.07)) -> 5662257.3 | L66: =MAX(0,H66-I66-J66-K66) -> 41058833 | M66: =IF(L66<=14000000,L66*0.06,IF(L66<=50000000,840000+(L66-14000000)*0.15,IF(L66<=88000000,6240000+(L66-50000000)*0.24,IF(L66<=150000000,15360000+(L66-88000000)*0.35,IF(L66<=300000000,37060000+(L66-150000000)*0.38,IF(L66<=500000000,94060000+(L66-300000000)*0.4,IF(L66<=1000000000,174060000+(L66-500000000)*0.42,384060000+(L66-1000000000)*0.45))))))) -> 4898825 | N66: =MIN(IF(M66<=1300000,M66*0.55,715000+(M66-1300000)*0.3),IF(F66<=33000000,740000,IF(F66<=70000000,MAX(660000,740000-(F66-33000000)*0.008),MAX(500000,660000-(F66-70000000)*0.5)))) -> 660000 | O66: =MAX(0,M66-N66) -> 4238825 | P66: =TRUNC(O66/12,-1) -> 353230 | Q66: =TRUNC(P66*요율기준!$B$12,-1) -> 35320 | R66: =P66+Q66 -> 388550
A67: =급여대장!A67 -> 46082 | B67: 6 | C67: =급여대장!D67 -> 바다별 | D67: =직원정보!I10 -> 1 | E67: =급여대장!V67 -> 5523202 | F67: =E67*12 -> 66278424 | G67: =MIN(20000000,IF(F67<=5000000,F67*0.7,IF(F67<=15000000,3500000+(F67-5000000)*0.4,IF(F67<=45000000,7500000+(F67-15000000)*0.15,IF(F67<=100000000,12000000+(F67-45000000)*0.05,14750000+(F67-100000000)*0.02))))) -> 13063921 | H67: =F67-G67 -> 53214503 | I67: =D67*요율기준!$B$13 -> 1500000 | J67: ='4대보험'!F67*12 -> 2982480 | K67: =IF(D67=1,3100000+F67*0.04,IF(D67=2,3600000+F67*0.04,5000000+F67*0.07)) -> 5751137 | L67: =MAX(0,H67-I67-J67-K67) -> 42980886 | M67: =IF(L67<=14000000,L67*0.06,IF(L67<=50000000,840000+(L67-14000000)*0.15,IF(L67<=88000000,6240000+(L67-50000000)*0.24,IF(L67<=150000000,15360000+(L67-88000000)*0.35,IF(L67<=300000000,37060000+(L67-150000000)*0.38,IF(L67<=500000000,94060000+(L67-300000000)*0.4,IF(L67<=1000000000,174060000+(L67-500000000)*0.42,384060000+(L67-1000000000)*0.45))))))) -> 5187132.9 | N67: =MIN(IF(M67<=1300000,M67*0.55,715000+(M67-1300000)*0.3),IF(F67<=33000000,740000,IF(F67<=70000000,MAX(660000,740000-(F67-33000000)*0.008),MAX(500000,660000-(F67-70000000)*0.5)))) -> 660000 | O67: =MAX(0,M67-N67) -> 4527132.9 | P67: =TRUNC(O67/12,-1) -> 377260 | Q67: =TRUNC(P67*요율기준!$B$12,-1) -> 37720 | R67: =P67+Q67 -> 414980
A68: =급여대장!A68 -> 46113 | B68: 6 | C68: =급여대장!D68 -> 바다별 | D68: =직원정보!I10 -> 1 | E68: =급여대장!V68 -> 5708368 | F68: =E68*12 -> 68500416 | G68: =MIN(20000000,IF(F68<=5000000,F68*0.7,IF(F68<=15000000,3500000+(F68-5000000)*0.4,IF(F68<=45000000,7500000+(F68-15000000)*0.15,IF(F68<=100000000,12000000+(F68-45000000)*0.05,14750000+(F68-100000000)*0.02))))) -> 13175021 | H68: =F68-G68 -> 55325395 | I68: =D68*요율기준!$B$13 -> 1500000 | J68: ='4대보험'!F68*12 -> 3082440 | K68: =IF(D68=1,3100000+F68*0.04,IF(D68=2,3600000+F68*0.04,5000000+F68*0.07)) -> 5840016.6 | L68: =MAX(0,H68-I68-J68-K68) -> 44902939 | M68: =IF(L68<=14000000,L68*0.06,IF(L68<=50000000,840000+(L68-14000000)*0.15,IF(L68<=88000000,6240000+(L68-50000000)*0.24,IF(L68<=150000000,15360000+(L68-88000000)*0.35,IF(L68<=300000000,37060000+(L68-150000000)*0.38,IF(L68<=500000000,94060000+(L68-300000000)*0.4,IF(L68<=1000000000,174060000+(L68-500000000)*0.42,384060000+(L68-1000000000)*0.45))))))) -> 5475440.8 | N68: =MIN(IF(M68<=1300000,M68*0.55,715000+(M68-1300000)*0.3),IF(F68<=33000000,740000,IF(F68<=70000000,MAX(660000,740000-(F68-33000000)*0.008),MAX(500000,660000-(F68-70000000)*0.5)))) -> 660000 | O68: =MAX(0,M68-N68) -> 4815440.8 | P68: =TRUNC(O68/12,-1) -> 401280 | Q68: =TRUNC(P68*요율기준!$B$12,-1) -> 40120 | R68: =P68+Q68 -> 441400
A69: =급여대장!A69 -> 46143 | B69: 6 | C69: =급여대장!D69 -> 바다별 | D69: =직원정보!I10 -> 1 | E69: =급여대장!V69 -> 5770090 | F69: =E69*12 -> 69241080 | G69: =MIN(20000000,IF(F69<=5000000,F69*0.7,IF(F69<=15000000,3500000+(F69-5000000)*0.4,IF(F69<=45000000,7500000+(F69-15000000)*0.15,IF(F69<=100000000,12000000+(F69-45000000)*0.05,14750000+(F69-100000000)*0.02))))) -> 13212054 | H69: =F69-G69 -> 56029026 | I69: =D69*요율기준!$B$13 -> 1500000 | J69: ='4대보험'!F69*12 -> 3115800 | K69: =IF(D69=1,3100000+F69*0.04,IF(D69=2,3600000+F69*0.04,5000000+F69*0.07)) -> 5869643.2 | L69: =MAX(0,H69-I69-J69-K69) -> 45543583 | M69: =IF(L69<=14000000,L69*0.06,IF(L69<=50000000,840000+(L69-14000000)*0.15,IF(L69<=88000000,6240000+(L69-50000000)*0.24,IF(L69<=150000000,15360000+(L69-88000000)*0.35,IF(L69<=300000000,37060000+(L69-150000000)*0.38,IF(L69<=500000000,94060000+(L69-300000000)*0.4,IF(L69<=1000000000,174060000+(L69-500000000)*0.42,384060000+(L69-1000000000)*0.45))))))) -> 5571537.4 | N69: =MIN(IF(M69<=1300000,M69*0.55,715000+(M69-1300000)*0.3),IF(F69<=33000000,740000,IF(F69<=70000000,MAX(660000,740000-(F69-33000000)*0.008),MAX(500000,660000-(F69-70000000)*0.5)))) -> 660000 | O69: =MAX(0,M69-N69) -> 4911537.4 | P69: =TRUNC(O69/12,-1) -> 409290 | Q69: =TRUNC(P69*요율기준!$B$12,-1) -> 40920 | R69: =P69+Q69 -> 450210
A70: =급여대장!A70 -> 46174 | B70: 6 | C70: =급여대장!D70 -> 바다별 | D70: =직원정보!I10 -> 1 | E70: =급여대장!V70 -> 5955256 | F70: =E70*12 -> 71463072 | G70: =MIN(20000000,IF(F70<=5000000,F70*0.7,IF(F70<=15000000,3500000+(F70-5000000)*0.4,IF(F70<=45000000,7500000+(F70-15000000)*0.15,IF(F70<=100000000,12000000+(F70-45000000)*0.05,14750000+(F70-100000000)*0.02))))) -> 13323154 | H70: =F70-G70 -> 58139918 | I70: =D70*요율기준!$B$13 -> 1500000 | J70: ='4대보험'!F70*12 -> 3215760 | K70: =IF(D70=1,3100000+F70*0.04,IF(D70=2,3600000+F70*0.04,5000000+F70*0.07)) -> 5958522.9 | L70: =MAX(0,H70-I70-J70-K70) -> 47465636 | M70: =IF(L70<=14000000,L70*0.06,IF(L70<=50000000,840000+(L70-14000000)*0.15,IF(L70<=88000000,6240000+(L70-50000000)*0.24,IF(L70<=150000000,15360000+(L70-88000000)*0.35,IF(L70<=300000000,37060000+(L70-150000000)*0.38,IF(L70<=500000000,94060000+(L70-300000000)*0.4,IF(L70<=1000000000,174060000+(L70-500000000)*0.42,384060000+(L70-1000000000)*0.45))))))) -> 5859845.3 | N70: =MIN(IF(M70<=1300000,M70*0.55,715000+(M70-1300000)*0.3),IF(F70<=33000000,740000,IF(F70<=70000000,MAX(660000,740000-(F70-33000000)*0.008),MAX(500000,660000-(F70-70000000)*0.5)))) -> 500000 | O70: =MAX(0,M70-N70) -> 5359845.3 | P70: =TRUNC(O70/12,-1) -> 446650 | Q70: =TRUNC(P70*요율기준!$B$12,-1) -> 44660 | R70: =P70+Q70 -> 491310
A71: =급여대장!A71 -> 46204 | B71: 6 | C71: =급여대장!D71 -> 바다별 | D71: =직원정보!I10 -> 1 | E71: =급여대장!V71 -> 5368897 | F71: =E71*12 -> 64426764 | G71: =MIN(20000000,IF(F71<=5000000,F71*0.7,IF(F71<=15000000,3500000+(F71-5000000)*0.4,IF(F71<=45000000,7500000+(F71-15000000)*0.15,IF(F71<=100000000,12000000+(F71-45000000)*0.05,14750000+(F71-100000000)*0.02))))) -> 12971338 | H71: =F71-G71 -> 51455426 | I71: =D71*요율기준!$B$13 -> 1500000 | J71: ='4대보험'!F71*12 -> 2899200 | K71: =IF(D71=1,3100000+F71*0.04,IF(D71=2,3600000+F71*0.04,5000000+F71*0.07)) -> 5677070.6 | L71: =MAX(0,H71-I71-J71-K71) -> 41379155 | M71: =IF(L71<=14000000,L71*0.06,IF(L71<=50000000,840000+(L71-14000000)*0.15,IF(L71<=88000000,6240000+(L71-50000000)*0.24,IF(L71<=150000000,15360000+(L71-88000000)*0.35,IF(L71<=300000000,37060000+(L71-150000000)*0.38,IF(L71<=500000000,94060000+(L71-300000000)*0.4,IF(L71<=1000000000,174060000+(L71-500000000)*0.42,384060000+(L71-1000000000)*0.45))))))) -> 4946873.3 | N71: =MIN(IF(M71<=1300000,M71*0.55,715000+(M71-1300000)*0.3),IF(F71<=33000000,740000,IF(F71<=70000000,MAX(660000,740000-(F71-33000000)*0.008),MAX(500000,660000-(F71-70000000)*0.5)))) -> 660000 | O71: =MAX(0,M71-N71) -> 4286873.3 | P71: =TRUNC(O71/12,-1) -> 357230 | Q71: =TRUNC(P71*요율기준!$B$12,-1) -> 35720 | R71: =P71+Q71 -> 392950
A72: =급여대장!A72 -> 46235 | B72: 6 | C72: =급여대장!D72 -> 바다별 | D72: =직원정보!I10 -> 1 | E72: =급여대장!V72 -> 5554063 | F72: =E72*12 -> 66648756 | G72: =MIN(20000000,IF(F72<=5000000,F72*0.7,IF(F72<=15000000,3500000+(F72-5000000)*0.4,IF(F72<=45000000,7500000+(F72-15000000)*0.15,IF(F72<=100000000,12000000+(F72-45000000)*0.05,14750000+(F72-100000000)*0.02))))) -> 13082438 | H72: =F72-G72 -> 53566318 | I72: =D72*요율기준!$B$13 -> 1500000 | J72: ='4대보험'!F72*12 -> 2999160 | K72: =IF(D72=1,3100000+F72*0.04,IF(D72=2,3600000+F72*0.04,5000000+F72*0.07)) -> 5765950.2 | L72: =MAX(0,H72-I72-J72-K72) -> 43301208 | M72: =IF(L72<=14000000,L72*0.06,IF(L72<=50000000,840000+(L72-14000000)*0.15,IF(L72<=88000000,6240000+(L72-50000000)*0.24,IF(L72<=150000000,15360000+(L72-88000000)*0.35,IF(L72<=300000000,37060000+(L72-150000000)*0.38,IF(L72<=500000000,94060000+(L72-300000000)*0.4,IF(L72<=1000000000,174060000+(L72-500000000)*0.42,384060000+(L72-1000000000)*0.45))))))) -> 5235181.2 | N72: =MIN(IF(M72<=1300000,M72*0.55,715000+(M72-1300000)*0.3),IF(F72<=33000000,740000,IF(F72<=70000000,MAX(660000,740000-(F72-33000000)*0.008),MAX(500000,660000-(F72-70000000)*0.5)))) -> 660000 | O72: =MAX(0,M72-N72) -> 4575181.2 | P72: =TRUNC(O72/12,-1) -> 381260 | Q72: =TRUNC(P72*요율기준!$B$12,-1) -> 38120 | R72: =P72+Q72 -> 419380
A73: =급여대장!A73 -> 46266 | B73: 6 | C73: =급여대장!D73 -> 바다별 | D73: =직원정보!I10 -> 1 | E73: =급여대장!V73 -> 5615785 | F73: =E73*12 -> 67389420 | G73: =MIN(20000000,IF(F73<=5000000,F73*0.7,IF(F73<=15000000,3500000+(F73-5000000)*0.4,IF(F73<=45000000,7500000+(F73-15000000)*0.15,IF(F73<=100000000,12000000+(F73-45000000)*0.05,14750000+(F73-100000000)*0.02))))) -> 13119471 | H73: =F73-G73 -> 54269949 | I73: =D73*요율기준!$B$13 -> 1500000 | J73: ='4대보험'!F73*12 -> 3032520 | K73: =IF(D73=1,3100000+F73*0.04,IF(D73=2,3600000+F73*0.04,5000000+F73*0.07)) -> 5795576.8 | L73: =MAX(0,H73-I73-J73-K73) -> 43941852 | M73: =IF(L73<=14000000,L73*0.06,IF(L73<=50000000,840000+(L73-14000000)*0.15,IF(L73<=88000000,6240000+(L73-50000000)*0.24,IF(L73<=150000000,15360000+(L73-88000000)*0.35,IF(L73<=300000000,37060000+(L73-150000000)*0.38,IF(L73<=500000000,94060000+(L73-300000000)*0.4,IF(L73<=1000000000,174060000+(L73-500000000)*0.42,384060000+(L73-1000000000)*0.45))))))) -> 5331277.8 | N73: =MIN(IF(M73<=1300000,M73*0.55,715000+(M73-1300000)*0.3),IF(F73<=33000000,740000,IF(F73<=70000000,MAX(660000,740000-(F73-33000000)*0.008),MAX(500000,660000-(F73-70000000)*0.5)))) -> 660000 | O73: =MAX(0,M73-N73) -> 4671277.8 | P73: =TRUNC(O73/12,-1) -> 389270 | Q73: =TRUNC(P73*요율기준!$B$12,-1) -> 38920 | R73: =P73+Q73 -> 428190
A74: =급여대장!A74 -> 46296 | B74: 6 | C74: =급여대장!D74 -> 바다별 | D74: =직원정보!I10 -> 1 | E74: =급여대장!V74 -> 5800951 | F74: =E74*12 -> 69611412 | G74: =MIN(20000000,IF(F74<=5000000,F74*0.7,IF(F74<=15000000,3500000+(F74-5000000)*0.4,IF(F74<=45000000,7500000+(F74-15000000)*0.15,IF(F74<=100000000,12000000+(F74-45000000)*0.05,14750000+(F74-100000000)*0.02))))) -> 13230571 | H74: =F74-G74 -> 56380841 | I74: =D74*요율기준!$B$13 -> 1500000 | J74: ='4대보험'!F74*12 -> 3132480 | K74: =IF(D74=1,3100000+F74*0.04,IF(D74=2,3600000+F74*0.04,5000000+F74*0.07)) -> 5884456.5 | L74: =MAX(0,H74-I74-J74-K74) -> 45863905 | M74: =IF(L74<=14000000,L74*0.06,IF(L74<=50000000,840000+(L74-14000000)*0.15,IF(L74<=88000000,6240000+(L74-50000000)*0.24,IF(L74<=150000000,15360000+(L74-88000000)*0.35,IF(L74<=300000000,37060000+(L74-150000000)*0.38,IF(L74<=500000000,94060000+(L74-300000000)*0.4,IF(L74<=1000000000,174060000+(L74-500000000)*0.42,384060000+(L74-1000000000)*0.45))))))) -> 5619585.7 | N74: =MIN(IF(M74<=1300000,M74*0.55,715000+(M74-1300000)*0.3),IF(F74<=33000000,740000,IF(F74<=70000000,MAX(660000,740000-(F74-33000000)*0.008),MAX(500000,660000-(F74-70000000)*0.5)))) -> 660000 | O74: =MAX(0,M74-N74) -> 4959585.7 | P74: =TRUNC(O74/12,-1) -> 413290 | Q74: =TRUNC(P74*요율기준!$B$12,-1) -> 41320 | R74: =P74+Q74 -> 454610
A75: =급여대장!A75 -> 46327 | B75: 6 | C75: =급여대장!D75 -> 바다별 | D75: =직원정보!I10 -> 1 | E75: =급여대장!V75 -> 5986117 | F75: =E75*12 -> 71833404 | G75: =MIN(20000000,IF(F75<=5000000,F75*0.7,IF(F75<=15000000,3500000+(F75-5000000)*0.4,IF(F75<=45000000,7500000+(F75-15000000)*0.15,IF(F75<=100000000,12000000+(F75-45000000)*0.05,14750000+(F75-100000000)*0.02))))) -> 13341670 | H75: =F75-G75 -> 58491734 | I75: =D75*요율기준!$B$13 -> 1500000 | J75: ='4대보험'!F75*12 -> 3232440 | K75: =IF(D75=1,3100000+F75*0.04,IF(D75=2,3600000+F75*0.04,5000000+F75*0.07)) -> 5973336.2 | L75: =MAX(0,H75-I75-J75-K75) -> 47785958 | M75: =IF(L75<=14000000,L75*0.06,IF(L75<=50000000,840000+(L75-14000000)*0.15,IF(L75<=88000000,6240000+(L75-50000000)*0.24,IF(L75<=150000000,15360000+(L75-88000000)*0.35,IF(L75<=300000000,37060000+(L75-150000000)*0.38,IF(L75<=500000000,94060000+(L75-300000000)*0.4,IF(L75<=1000000000,174060000+(L75-500000000)*0.42,384060000+(L75-1000000000)*0.45))))))) -> 5907893.6 | N75: =MIN(IF(M75<=1300000,M75*0.55,715000+(M75-1300000)*0.3),IF(F75<=33000000,740000,IF(F75<=70000000,MAX(660000,740000-(F75-33000000)*0.008),MAX(500000,660000-(F75-70000000)*0.5)))) -> 500000 | O75: =MAX(0,M75-N75) -> 5407893.6 | P75: =TRUNC(O75/12,-1) -> 450650 | Q75: =TRUNC(P75*요율기준!$B$12,-1) -> 45060 | R75: =P75+Q75 -> 495710
A76: =급여대장!A76 -> 46357 | B76: 6 | C76: =급여대장!D76 -> 바다별 | D76: =직원정보!I10 -> 1 | E76: =급여대장!V76 -> 5399758 | F76: =E76*12 -> 64797096 | G76: =MIN(20000000,IF(F76<=5000000,F76*0.7,IF(F76<=15000000,3500000+(F76-5000000)*0.4,IF(F76<=45000000,7500000+(F76-15000000)*0.15,IF(F76<=100000000,12000000+(F76-45000000)*0.05,14750000+(F76-100000000)*0.02))))) -> 12989855 | H76: =F76-G76 -> 51807241 | I76: =D76*요율기준!$B$13 -> 1500000 | J76: ='4대보험'!F76*12 -> 2915760 | K76: =IF(D76=1,3100000+F76*0.04,IF(D76=2,3600000+F76*0.04,5000000+F76*0.07)) -> 5691883.8 | L76: =MAX(0,H76-I76-J76-K76) -> 41699597 | M76: =IF(L76<=14000000,L76*0.06,IF(L76<=50000000,840000+(L76-14000000)*0.15,IF(L76<=88000000,6240000+(L76-50000000)*0.24,IF(L76<=150000000,15360000+(L76-88000000)*0.35,IF(L76<=300000000,37060000+(L76-150000000)*0.38,IF(L76<=500000000,94060000+(L76-300000000)*0.4,IF(L76<=1000000000,174060000+(L76-500000000)*0.42,384060000+(L76-1000000000)*0.45))))))) -> 4994939.6 | N76: =MIN(IF(M76<=1300000,M76*0.55,715000+(M76-1300000)*0.3),IF(F76<=33000000,740000,IF(F76<=70000000,MAX(660000,740000-(F76-33000000)*0.008),MAX(500000,660000-(F76-70000000)*0.5)))) -> 660000 | O76: =MAX(0,M76-N76) -> 4334939.6 | P76: =TRUNC(O76/12,-1) -> 361240 | Q76: =TRUNC(P76*요율기준!$B$12,-1) -> 36120 | R76: =P76+Q76 -> 397360
A77: =급여대장!A77 -> 46023 | B77: 7 | C77: =급여대장!D77 -> 사랑비 | D77: =직원정보!I11 -> 1 | E77: =급여대장!V77 -> 5365680 | F77: =E77*12 -> 64388160 | G77: =MIN(20000000,IF(F77<=5000000,F77*0.7,IF(F77<=15000000,3500000+(F77-5000000)*0.4,IF(F77<=45000000,7500000+(F77-15000000)*0.15,IF(F77<=100000000,12000000+(F77-45000000)*0.05,14750000+(F77-100000000)*0.02))))) -> 12969408 | H77: =F77-G77 -> 51418752 | I77: =D77*요율기준!$B$13 -> 1500000 | J77: ='4대보험'!F77*12 -> 2897400 | K77: =IF(D77=1,3100000+F77*0.04,IF(D77=2,3600000+F77*0.04,5000000+F77*0.07)) -> 5675526.4 | L77: =MAX(0,H77-I77-J77-K77) -> 41345826 | M77: =IF(L77<=14000000,L77*0.06,IF(L77<=50000000,840000+(L77-14000000)*0.15,IF(L77<=88000000,6240000+(L77-50000000)*0.24,IF(L77<=150000000,15360000+(L77-88000000)*0.35,IF(L77<=300000000,37060000+(L77-150000000)*0.38,IF(L77<=500000000,94060000+(L77-300000000)*0.4,IF(L77<=1000000000,174060000+(L77-500000000)*0.42,384060000+(L77-1000000000)*0.45))))))) -> 4941873.8 | N77: =MIN(IF(M77<=1300000,M77*0.55,715000+(M77-1300000)*0.3),IF(F77<=33000000,740000,IF(F77<=70000000,MAX(660000,740000-(F77-33000000)*0.008),MAX(500000,660000-(F77-70000000)*0.5)))) -> 660000 | O77: =MAX(0,M77-N77) -> 4281873.8 | P77: =TRUNC(O77/12,-1) -> 356820 | Q77: =TRUNC(P77*요율기준!$B$12,-1) -> 35680 | R77: =P77+Q77 -> 392500
A78: =급여대장!A78 -> 46054 | B78: 7 | C78: =급여대장!D78 -> 사랑비 | D78: =직원정보!I11 -> 1 | E78: =급여대장!V78 -> 4833870 | F78: =E78*12 -> 58006440 | G78: =MIN(20000000,IF(F78<=5000000,F78*0.7,IF(F78<=15000000,3500000+(F78-5000000)*0.4,IF(F78<=45000000,7500000+(F78-15000000)*0.15,IF(F78<=100000000,12000000+(F78-45000000)*0.05,14750000+(F78-100000000)*0.02))))) -> 12650322 | H78: =F78-G78 -> 45356118 | I78: =D78*요율기준!$B$13 -> 1500000 | J78: ='4대보험'!F78*12 -> 2610240 | K78: =IF(D78=1,3100000+F78*0.04,IF(D78=2,3600000+F78*0.04,5000000+F78*0.07)) -> 5420257.6 | L78: =MAX(0,H78-I78-J78-K78) -> 35825620 | M78: =IF(L78<=14000000,L78*0.06,IF(L78<=50000000,840000+(L78-14000000)*0.15,IF(L78<=88000000,6240000+(L78-50000000)*0.24,IF(L78<=150000000,15360000+(L78-88000000)*0.35,IF(L78<=300000000,37060000+(L78-150000000)*0.38,IF(L78<=500000000,94060000+(L78-300000000)*0.4,IF(L78<=1000000000,174060000+(L78-500000000)*0.42,384060000+(L78-1000000000)*0.45))))))) -> 4113843.1 | N78: =MIN(IF(M78<=1300000,M78*0.55,715000+(M78-1300000)*0.3),IF(F78<=33000000,740000,IF(F78<=70000000,MAX(660000,740000-(F78-33000000)*0.008),MAX(500000,660000-(F78-70000000)*0.5)))) -> 660000 | O78: =MAX(0,M78-N78) -> 3453843.1 | P78: =TRUNC(O78/12,-1) -> 287820 | Q78: =TRUNC(P78*요율기준!$B$12,-1) -> 28780 | R78: =P78+Q78 -> 316600
A79: =급여대장!A79 -> 46082 | B79: 7 | C79: =급여대장!D79 -> 사랑비 | D79: =직원정보!I11 -> 1 | E79: =급여대장!V79 -> 5001810 | F79: =E79*12 -> 60021720 | G79: =MIN(20000000,IF(F79<=5000000,F79*0.7,IF(F79<=15000000,3500000+(F79-5000000)*0.4,IF(F79<=45000000,7500000+(F79-15000000)*0.15,IF(F79<=100000000,12000000+(F79-45000000)*0.05,14750000+(F79-100000000)*0.02))))) -> 12751086 | H79: =F79-G79 -> 47270634 | I79: =D79*요율기준!$B$13 -> 1500000 | J79: ='4대보험'!F79*12 -> 2700960 | K79: =IF(D79=1,3100000+F79*0.04,IF(D79=2,3600000+F79*0.04,5000000+F79*0.07)) -> 5500868.8 | L79: =MAX(0,H79-I79-J79-K79) -> 37568805 | M79: =IF(L79<=14000000,L79*0.06,IF(L79<=50000000,840000+(L79-14000000)*0.15,IF(L79<=88000000,6240000+(L79-50000000)*0.24,IF(L79<=150000000,15360000+(L79-88000000)*0.35,IF(L79<=300000000,37060000+(L79-150000000)*0.38,IF(L79<=500000000,94060000+(L79-300000000)*0.4,IF(L79<=1000000000,174060000+(L79-500000000)*0.42,384060000+(L79-1000000000)*0.45))))))) -> 4375320.8 | N79: =MIN(IF(M79<=1300000,M79*0.55,715000+(M79-1300000)*0.3),IF(F79<=33000000,740000,IF(F79<=70000000,MAX(660000,740000-(F79-33000000)*0.008),MAX(500000,660000-(F79-70000000)*0.5)))) -> 660000 | O79: =MAX(0,M79-N79) -> 3715320.8 | P79: =TRUNC(O79/12,-1) -> 309610 | Q79: =TRUNC(P79*요율기준!$B$12,-1) -> 30960 | R79: =P79+Q79 -> 340570
A80: =급여대장!A80 -> 46113 | B80: 7 | C80: =급여대장!D80 -> 사랑비 | D80: =직원정보!I11 -> 1 | E80: =급여대장!V80 -> 5057790 | F80: =E80*12 -> 60693480 | G80: =MIN(20000000,IF(F80<=5000000,F80*0.7,IF(F80<=15000000,3500000+(F80-5000000)*0.4,IF(F80<=45000000,7500000+(F80-15000000)*0.15,IF(F80<=100000000,12000000+(F80-45000000)*0.05,14750000+(F80-100000000)*0.02))))) -> 12784674 | H80: =F80-G80 -> 47908806 | I80: =D80*요율기준!$B$13 -> 1500000 | J80: ='4대보험'!F80*12 -> 2731200 | K80: =IF(D80=1,3100000+F80*0.04,IF(D80=2,3600000+F80*0.04,5000000+F80*0.07)) -> 5527739.2 | L80: =MAX(0,H80-I80-J80-K80) -> 38149867 | M80: =IF(L80<=14000000,L80*0.06,IF(L80<=50000000,840000+(L80-14000000)*0.15,IF(L80<=88000000,6240000+(L80-50000000)*0.24,IF(L80<=150000000,15360000+(L80-88000000)*0.35,IF(L80<=300000000,37060000+(L80-150000000)*0.38,IF(L80<=500000000,94060000+(L80-300000000)*0.4,IF(L80<=1000000000,174060000+(L80-500000000)*0.42,384060000+(L80-1000000000)*0.45))))))) -> 4462480 | N80: =MIN(IF(M80<=1300000,M80*0.55,715000+(M80-1300000)*0.3),IF(F80<=33000000,740000,IF(F80<=70000000,MAX(660000,740000-(F80-33000000)*0.008),MAX(500000,660000-(F80-70000000)*0.5)))) -> 660000 | O80: =MAX(0,M80-N80) -> 3802480 | P80: =TRUNC(O80/12,-1) -> 316870 | Q80: =TRUNC(P80*요율기준!$B$12,-1) -> 31680 | R80: =P80+Q80 -> 348550
A81: =급여대장!A81 -> 46143 | B81: 7 | C81: =급여대장!D81 -> 사랑비 | D81: =직원정보!I11 -> 1 | E81: =급여대장!V81 -> 5225730 | F81: =E81*12 -> 62708760 | G81: =MIN(20000000,IF(F81<=5000000,F81*0.7,IF(F81<=15000000,3500000+(F81-5000000)*0.4,IF(F81<=45000000,7500000+(F81-15000000)*0.15,IF(F81<=100000000,12000000+(F81-45000000)*0.05,14750000+(F81-100000000)*0.02))))) -> 12885438 | H81: =F81-G81 -> 49823322 | I81: =D81*요율기준!$B$13 -> 1500000 | J81: ='4대보험'!F81*12 -> 2821800 | K81: =IF(D81=1,3100000+F81*0.04,IF(D81=2,3600000+F81*0.04,5000000+F81*0.07)) -> 5608350.4 | L81: =MAX(0,H81-I81-J81-K81) -> 39893172 | M81: =IF(L81<=14000000,L81*0.06,IF(L81<=50000000,840000+(L81-14000000)*0.15,IF(L81<=88000000,6240000+(L81-50000000)*0.24,IF(L81<=150000000,15360000+(L81-88000000)*0.35,IF(L81<=300000000,37060000+(L81-150000000)*0.38,IF(L81<=500000000,94060000+(L81-300000000)*0.4,IF(L81<=1000000000,174060000+(L81-500000000)*0.42,384060000+(L81-1000000000)*0.45))))))) -> 4723975.7 | N81: =MIN(IF(M81<=1300000,M81*0.55,715000+(M81-1300000)*0.3),IF(F81<=33000000,740000,IF(F81<=70000000,MAX(660000,740000-(F81-33000000)*0.008),MAX(500000,660000-(F81-70000000)*0.5)))) -> 660000 | O81: =MAX(0,M81-N81) -> 4063975.7 | P81: =TRUNC(O81/12,-1) -> 338660 | Q81: =TRUNC(P81*요율기준!$B$12,-1) -> 33860 | R81: =P81+Q81 -> 372520
A82: =급여대장!A82 -> 46174 | B82: 7 | C82: =급여대장!D82 -> 사랑비 | D82: =직원정보!I11 -> 1 | E82: =급여대장!V82 -> 5393670 | F82: =E82*12 -> 64724040 | G82: =MIN(20000000,IF(F82<=5000000,F82*0.7,IF(F82<=15000000,3500000+(F82-5000000)*0.4,IF(F82<=45000000,7500000+(F82-15000000)*0.15,IF(F82<=100000000,12000000+(F82-45000000)*0.05,14750000+(F82-100000000)*0.02))))) -> 12986202 | H82: =F82-G82 -> 51737838 | I82: =D82*요율기준!$B$13 -> 1500000 | J82: ='4대보험'!F82*12 -> 2912520 | K82: =IF(D82=1,3100000+F82*0.04,IF(D82=2,3600000+F82*0.04,5000000+F82*0.07)) -> 5688961.6 | L82: =MAX(0,H82-I82-J82-K82) -> 41636356 | M82: =IF(L82<=14000000,L82*0.06,IF(L82<=50000000,840000+(L82-14000000)*0.15,IF(L82<=88000000,6240000+(L82-50000000)*0.24,IF(L82<=150000000,15360000+(L82-88000000)*0.35,IF(L82<=300000000,37060000+(L82-150000000)*0.38,IF(L82<=500000000,94060000+(L82-300000000)*0.4,IF(L82<=1000000000,174060000+(L82-500000000)*0.42,384060000+(L82-1000000000)*0.45))))))) -> 4985453.5 | N82: =MIN(IF(M82<=1300000,M82*0.55,715000+(M82-1300000)*0.3),IF(F82<=33000000,740000,IF(F82<=70000000,MAX(660000,740000-(F82-33000000)*0.008),MAX(500000,660000-(F82-70000000)*0.5)))) -> 660000 | O82: =MAX(0,M82-N82) -> 4325453.5 | P82: =TRUNC(O82/12,-1) -> 360450 | Q82: =TRUNC(P82*요율기준!$B$12,-1) -> 36040 | R82: =P82+Q82 -> 396490
A83: =급여대장!A83 -> 46204 | B83: 7 | C83: =급여대장!D83 -> 사랑비 | D83: =직원정보!I11 -> 1 | E83: =급여대장!V83 -> 4861860 | F83: =E83*12 -> 58342320 | G83: =MIN(20000000,IF(F83<=5000000,F83*0.7,IF(F83<=15000000,3500000+(F83-5000000)*0.4,IF(F83<=45000000,7500000+(F83-15000000)*0.15,IF(F83<=100000000,12000000+(F83-45000000)*0.05,14750000+(F83-100000000)*0.02))))) -> 12667116 | H83: =F83-G83 -> 45675204 | I83: =D83*요율기준!$B$13 -> 1500000 | J83: ='4대보험'!F83*12 -> 2625360 | K83: =IF(D83=1,3100000+F83*0.04,IF(D83=2,3600000+F83*0.04,5000000+F83*0.07)) -> 5433692.8 | L83: =MAX(0,H83-I83-J83-K83) -> 36116151 | M83: =IF(L83<=14000000,L83*0.06,IF(L83<=50000000,840000+(L83-14000000)*0.15,IF(L83<=88000000,6240000+(L83-50000000)*0.24,IF(L83<=150000000,15360000+(L83-88000000)*0.35,IF(L83<=300000000,37060000+(L83-150000000)*0.38,IF(L83<=500000000,94060000+(L83-300000000)*0.4,IF(L83<=1000000000,174060000+(L83-500000000)*0.42,384060000+(L83-1000000000)*0.45))))))) -> 4157422.7 | N83: =MIN(IF(M83<=1300000,M83*0.55,715000+(M83-1300000)*0.3),IF(F83<=33000000,740000,IF(F83<=70000000,MAX(660000,740000-(F83-33000000)*0.008),MAX(500000,660000-(F83-70000000)*0.5)))) -> 660000 | O83: =MAX(0,M83-N83) -> 3497422.7 | P83: =TRUNC(O83/12,-1) -> 291450 | Q83: =TRUNC(P83*요율기준!$B$12,-1) -> 29140 | R83: =P83+Q83 -> 320590
A84: =급여대장!A84 -> 46235 | B84: 7 | C84: =급여대장!D84 -> 사랑비 | D84: =직원정보!I11 -> 1 | E84: =급여대장!V84 -> 4917840 | F84: =E84*12 -> 59014080 | G84: =MIN(20000000,IF(F84<=5000000,F84*0.7,IF(F84<=15000000,3500000+(F84-5000000)*0.4,IF(F84<=45000000,7500000+(F84-15000000)*0.15,IF(F84<=100000000,12000000+(F84-45000000)*0.05,14750000+(F84-100000000)*0.02))))) -> 12700704 | H84: =F84-G84 -> 46313376 | I84: =D84*요율기준!$B$13 -> 1500000 | J84: ='4대보험'!F84*12 -> 2655600 | K84: =IF(D84=1,3100000+F84*0.04,IF(D84=2,3600000+F84*0.04,5000000+F84*0.07)) -> 5460563.2 | L84: =MAX(0,H84-I84-J84-K84) -> 36697213 | M84: =IF(L84<=14000000,L84*0.06,IF(L84<=50000000,840000+(L84-14000000)*0.15,IF(L84<=88000000,6240000+(L84-50000000)*0.24,IF(L84<=150000000,15360000+(L84-88000000)*0.35,IF(L84<=300000000,37060000+(L84-150000000)*0.38,IF(L84<=500000000,94060000+(L84-300000000)*0.4,IF(L84<=1000000000,174060000+(L84-500000000)*0.42,384060000+(L84-1000000000)*0.45))))))) -> 4244581.9 | N84: =MIN(IF(M84<=1300000,M84*0.55,715000+(M84-1300000)*0.3),IF(F84<=33000000,740000,IF(F84<=70000000,MAX(660000,740000-(F84-33000000)*0.008),MAX(500000,660000-(F84-70000000)*0.5)))) -> 660000 | O84: =MAX(0,M84-N84) -> 3584581.9 | P84: =TRUNC(O84/12,-1) -> 298710 | Q84: =TRUNC(P84*요율기준!$B$12,-1) -> 29870 | R84: =P84+Q84 -> 328580
A85: =급여대장!A85 -> 46266 | B85: 7 | C85: =급여대장!D85 -> 사랑비 | D85: =직원정보!I11 -> 1 | E85: =급여대장!V85 -> 5085780 | F85: =E85*12 -> 61029360 | G85: =MIN(20000000,IF(F85<=5000000,F85*0.7,IF(F85<=15000000,3500000+(F85-5000000)*0.4,IF(F85<=45000000,7500000+(F85-15000000)*0.15,IF(F85<=100000000,12000000+(F85-45000000)*0.05,14750000+(F85-100000000)*0.02))))) -> 12801468 | H85: =F85-G85 -> 48227892 | I85: =D85*요율기준!$B$13 -> 1500000 | J85: ='4대보험'!F85*12 -> 2746320 | K85: =IF(D85=1,3100000+F85*0.04,IF(D85=2,3600000+F85*0.04,5000000+F85*0.07)) -> 5541174.4 | L85: =MAX(0,H85-I85-J85-K85) -> 38440398 | M85: =IF(L85<=14000000,L85*0.06,IF(L85<=50000000,840000+(L85-14000000)*0.15,IF(L85<=88000000,6240000+(L85-50000000)*0.24,IF(L85<=150000000,15360000+(L85-88000000)*0.35,IF(L85<=300000000,37060000+(L85-150000000)*0.38,IF(L85<=500000000,94060000+(L85-300000000)*0.4,IF(L85<=1000000000,174060000+(L85-500000000)*0.42,384060000+(L85-1000000000)*0.45))))))) -> 4506059.6 | N85: =MIN(IF(M85<=1300000,M85*0.55,715000+(M85-1300000)*0.3),IF(F85<=33000000,740000,IF(F85<=70000000,MAX(660000,740000-(F85-33000000)*0.008),MAX(500000,660000-(F85-70000000)*0.5)))) -> 660000 | O85: =MAX(0,M85-N85) -> 3846059.6 | P85: =TRUNC(O85/12,-1) -> 320500 | Q85: =TRUNC(P85*요율기준!$B$12,-1) -> 32050 | R85: =P85+Q85 -> 352550
A86: =급여대장!A86 -> 46296 | B86: 7 | C86: =급여대장!D86 -> 사랑비 | D86: =직원정보!I11 -> 1 | E86: =급여대장!V86 -> 5253720 | F86: =E86*12 -> 63044640 | G86: =MIN(20000000,IF(F86<=5000000,F86*0.7,IF(F86<=15000000,3500000+(F86-5000000)*0.4,IF(F86<=45000000,7500000+(F86-15000000)*0.15,IF(F86<=100000000,12000000+(F86-45000000)*0.05,14750000+(F86-100000000)*0.02))))) -> 12902232 | H86: =F86-G86 -> 50142408 | I86: =D86*요율기준!$B$13 -> 1500000 | J86: ='4대보험'!F86*12 -> 2836920 | K86: =IF(D86=1,3100000+F86*0.04,IF(D86=2,3600000+F86*0.04,5000000+F86*0.07)) -> 5621785.6 | L86: =MAX(0,H86-I86-J86-K86) -> 40183702 | M86: =IF(L86<=14000000,L86*0.06,IF(L86<=50000000,840000+(L86-14000000)*0.15,IF(L86<=88000000,6240000+(L86-50000000)*0.24,IF(L86<=150000000,15360000+(L86-88000000)*0.35,IF(L86<=300000000,37060000+(L86-150000000)*0.38,IF(L86<=500000000,94060000+(L86-300000000)*0.4,IF(L86<=1000000000,174060000+(L86-500000000)*0.42,384060000+(L86-1000000000)*0.45))))))) -> 4767555.4 | N86: =MIN(IF(M86<=1300000,M86*0.55,715000+(M86-1300000)*0.3),IF(F86<=33000000,740000,IF(F86<=70000000,MAX(660000,740000-(F86-33000000)*0.008),MAX(500000,660000-(F86-70000000)*0.5)))) -> 660000 | O86: =MAX(0,M86-N86) -> 4107555.4 | P86: =TRUNC(O86/12,-1) -> 342290 | Q86: =TRUNC(P86*요율기준!$B$12,-1) -> 34220 | R86: =P86+Q86 -> 376510
A87: =급여대장!A87 -> 46327 | B87: 7 | C87: =급여대장!D87 -> 사랑비 | D87: =직원정보!I11 -> 1 | E87: =급여대장!V87 -> 5421660 | F87: =E87*12 -> 65059920 | G87: =MIN(20000000,IF(F87<=5000000,F87*0.7,IF(F87<=15000000,3500000+(F87-5000000)*0.4,IF(F87<=45000000,7500000+(F87-15000000)*0.15,IF(F87<=100000000,12000000+(F87-45000000)*0.05,14750000+(F87-100000000)*0.02))))) -> 13002996 | H87: =F87-G87 -> 52056924 | I87: =D87*요율기준!$B$13 -> 1500000 | J87: ='4대보험'!F87*12 -> 2927640 | K87: =IF(D87=1,3100000+F87*0.04,IF(D87=2,3600000+F87*0.04,5000000+F87*0.07)) -> 5702396.8 | L87: =MAX(0,H87-I87-J87-K87) -> 41926887 | M87: =IF(L87<=14000000,L87*0.06,IF(L87<=50000000,840000+(L87-14000000)*0.15,IF(L87<=88000000,6240000+(L87-50000000)*0.24,IF(L87<=150000000,15360000+(L87-88000000)*0.35,IF(L87<=300000000,37060000+(L87-150000000)*0.38,IF(L87<=500000000,94060000+(L87-300000000)*0.4,IF(L87<=1000000000,174060000+(L87-500000000)*0.42,384060000+(L87-1000000000)*0.45))))))) -> 5029033.1 | N87: =MIN(IF(M87<=1300000,M87*0.55,715000+(M87-1300000)*0.3),IF(F87<=33000000,740000,IF(F87<=70000000,MAX(660000,740000-(F87-33000000)*0.008),MAX(500000,660000-(F87-70000000)*0.5)))) -> 660000 | O87: =MAX(0,M87-N87) -> 4369033.1 | P87: =TRUNC(O87/12,-1) -> 364080 | Q87: =TRUNC(P87*요율기준!$B$12,-1) -> 36400 | R87: =P87+Q87 -> 400480
A88: =급여대장!A88 -> 46357 | B88: 7 | C88: =급여대장!D88 -> 사랑비 | D88: =직원정보!I11 -> 1 | E88: =급여대장!V88 -> 4777890 | F88: =E88*12 -> 57334680 | G88: =MIN(20000000,IF(F88<=5000000,F88*0.7,IF(F88<=15000000,3500000+(F88-5000000)*0.4,IF(F88<=45000000,7500000+(F88-15000000)*0.15,IF(F88<=100000000,12000000+(F88-45000000)*0.05,14750000+(F88-100000000)*0.02))))) -> 12616734 | H88: =F88-G88 -> 44717946 | I88: =D88*요율기준!$B$13 -> 1500000 | J88: ='4대보험'!F88*12 -> 2580000 | K88: =IF(D88=1,3100000+F88*0.04,IF(D88=2,3600000+F88*0.04,5000000+F88*0.07)) -> 5393387.2 | L88: =MAX(0,H88-I88-J88-K88) -> 35244559 | M88: =IF(L88<=14000000,L88*0.06,IF(L88<=50000000,840000+(L88-14000000)*0.15,IF(L88<=88000000,6240000+(L88-50000000)*0.24,IF(L88<=150000000,15360000+(L88-88000000)*0.35,IF(L88<=300000000,37060000+(L88-150000000)*0.38,IF(L88<=500000000,94060000+(L88-300000000)*0.4,IF(L88<=1000000000,174060000+(L88-500000000)*0.42,384060000+(L88-1000000000)*0.45))))))) -> 4026683.8 | N88: =MIN(IF(M88<=1300000,M88*0.55,715000+(M88-1300000)*0.3),IF(F88<=33000000,740000,IF(F88<=70000000,MAX(660000,740000-(F88-33000000)*0.008),MAX(500000,660000-(F88-70000000)*0.5)))) -> 660000 | O88: =MAX(0,M88-N88) -> 3366683.8 | P88: =TRUNC(O88/12,-1) -> 280550 | Q88: =TRUNC(P88*요율기준!$B$12,-1) -> 28050 | R88: =P88+Q88 -> 308600
A89: =급여대장!A89 -> 46023 | B89: 8 | C89: =급여대장!D89 -> 아름찬 | D89: =직원정보!I12 -> 1 | E89: =급여대장!V89 -> 4768560 | F89: =E89*12 -> 57222720 | G89: =MIN(20000000,IF(F89<=5000000,F89*0.7,IF(F89<=15000000,3500000+(F89-5000000)*0.4,IF(F89<=45000000,7500000+(F89-15000000)*0.15,IF(F89<=100000000,12000000+(F89-45000000)*0.05,14750000+(F89-100000000)*0.02))))) -> 12611136 | H89: =F89-G89 -> 44611584 | I89: =D89*요율기준!$B$13 -> 1500000 | J89: ='4대보험'!F89*12 -> 2574960 | K89: =IF(D89=1,3100000+F89*0.04,IF(D89=2,3600000+F89*0.04,5000000+F89*0.07)) -> 5388908.8 | L89: =MAX(0,H89-I89-J89-K89) -> 35147715 | M89: =IF(L89<=14000000,L89*0.06,IF(L89<=50000000,840000+(L89-14000000)*0.15,IF(L89<=88000000,6240000+(L89-50000000)*0.24,IF(L89<=150000000,15360000+(L89-88000000)*0.35,IF(L89<=300000000,37060000+(L89-150000000)*0.38,IF(L89<=500000000,94060000+(L89-300000000)*0.4,IF(L89<=1000000000,174060000+(L89-500000000)*0.42,384060000+(L89-1000000000)*0.45))))))) -> 4012157.3 | N89: =MIN(IF(M89<=1300000,M89*0.55,715000+(M89-1300000)*0.3),IF(F89<=33000000,740000,IF(F89<=70000000,MAX(660000,740000-(F89-33000000)*0.008),MAX(500000,660000-(F89-70000000)*0.5)))) -> 660000 | O89: =MAX(0,M89-N89) -> 3352157.3 | P89: =TRUNC(O89/12,-1) -> 279340 | Q89: =TRUNC(P89*요율기준!$B$12,-1) -> 27930 | R89: =P89+Q89 -> 307270
A90: =급여대장!A90 -> 46054 | B90: 8 | C90: =급여대장!D90 -> 아름찬 | D90: =직원정보!I12 -> 1 | E90: =급여대장!V90 -> 4936500 | F90: =E90*12 -> 59238000 | G90: =MIN(20000000,IF(F90<=5000000,F90*0.7,IF(F90<=15000000,3500000+(F90-5000000)*0.4,IF(F90<=45000000,7500000+(F90-15000000)*0.15,IF(F90<=100000000,12000000+(F90-45000000)*0.05,14750000+(F90-100000000)*0.02))))) -> 12711900 | H90: =F90-G90 -> 46526100 | I90: =D90*요율기준!$B$13 -> 1500000 | J90: ='4대보험'!F90*12 -> 2665680 | K90: =IF(D90=1,3100000+F90*0.04,IF(D90=2,3600000+F90*0.04,5000000+F90*0.07)) -> 5469520 | L90: =MAX(0,H90-I90-J90-K90) -> 36890900 | M90: =IF(L90<=14000000,L90*0.06,IF(L90<=50000000,840000+(L90-14000000)*0.15,IF(L90<=88000000,6240000+(L90-50000000)*0.24,IF(L90<=150000000,15360000+(L90-88000000)*0.35,IF(L90<=300000000,37060000+(L90-150000000)*0.38,IF(L90<=500000000,94060000+(L90-300000000)*0.4,IF(L90<=1000000000,174060000+(L90-500000000)*0.42,384060000+(L90-1000000000)*0.45))))))) -> 4273635 | N90: =MIN(IF(M90<=1300000,M90*0.55,715000+(M90-1300000)*0.3),IF(F90<=33000000,740000,IF(F90<=70000000,MAX(660000,740000-(F90-33000000)*0.008),MAX(500000,660000-(F90-70000000)*0.5)))) -> 660000 | O90: =MAX(0,M90-N90) -> 3613635 | P90: =TRUNC(O90/12,-1) -> 301130 | Q90: =TRUNC(P90*요율기준!$B$12,-1) -> 30110 | R90: =P90+Q90 -> 331240
A91: =급여대장!A91 -> 46082 | B91: 8 | C91: =급여대장!D91 -> 아름찬 | D91: =직원정보!I12 -> 1 | E91: =급여대장!V91 -> 5104440 | F91: =E91*12 -> 61253280 | G91: =MIN(20000000,IF(F91<=5000000,F91*0.7,IF(F91<=15000000,3500000+(F91-5000000)*0.4,IF(F91<=45000000,7500000+(F91-15000000)*0.15,IF(F91<=100000000,12000000+(F91-45000000)*0.05,14750000+(F91-100000000)*0.02))))) -> 12812664 | H91: =F91-G91 -> 48440616 | I91: =D91*요율기준!$B$13 -> 1500000 | J91: ='4대보험'!F91*12 -> 2756280 | K91: =IF(D91=1,3100000+F91*0.04,IF(D91=2,3600000+F91*0.04,5000000+F91*0.07)) -> 5550131.2 | L91: =MAX(0,H91-I91-J91-K91) -> 38634205 | M91: =IF(L91<=14000000,L91*0.06,IF(L91<=50000000,840000+(L91-14000000)*0.15,IF(L91<=88000000,6240000+(L91-50000000)*0.24,IF(L91<=150000000,15360000+(L91-88000000)*0.35,IF(L91<=300000000,37060000+(L91-150000000)*0.38,IF(L91<=500000000,94060000+(L91-300000000)*0.4,IF(L91<=1000000000,174060000+(L91-500000000)*0.42,384060000+(L91-1000000000)*0.45))))))) -> 4535130.7 | N91: =MIN(IF(M91<=1300000,M91*0.55,715000+(M91-1300000)*0.3),IF(F91<=33000000,740000,IF(F91<=70000000,MAX(660000,740000-(F91-33000000)*0.008),MAX(500000,660000-(F91-70000000)*0.5)))) -> 660000 | O91: =MAX(0,M91-N91) -> 3875130.7 | P91: =TRUNC(O91/12,-1) -> 322920 | Q91: =TRUNC(P91*요율기준!$B$12,-1) -> 32290 | R91: =P91+Q91 -> 355210
A92: =급여대장!A92 -> 46113 | B92: 8 | C92: =급여대장!D92 -> 아름찬 | D92: =직원정보!I12 -> 1 | E92: =급여대장!V92 -> 5160420 | F92: =E92*12 -> 61925040 | G92: =MIN(20000000,IF(F92<=5000000,F92*0.7,IF(F92<=15000000,3500000+(F92-5000000)*0.4,IF(F92<=45000000,7500000+(F92-15000000)*0.15,IF(F92<=100000000,12000000+(F92-45000000)*0.05,14750000+(F92-100000000)*0.02))))) -> 12846252 | H92: =F92-G92 -> 49078788 | I92: =D92*요율기준!$B$13 -> 1500000 | J92: ='4대보험'!F92*12 -> 2786520 | K92: =IF(D92=1,3100000+F92*0.04,IF(D92=2,3600000+F92*0.04,5000000+F92*0.07)) -> 5577001.6 | L92: =MAX(0,H92-I92-J92-K92) -> 39215266 | M92: =IF(L92<=14000000,L92*0.06,IF(L92<=50000000,840000+(L92-14000000)*0.15,IF(L92<=88000000,6240000+(L92-50000000)*0.24,IF(L92<=150000000,15360000+(L92-88000000)*0.35,IF(L92<=300000000,37060000+(L92-150000000)*0.38,IF(L92<=500000000,94060000+(L92-300000000)*0.4,IF(L92<=1000000000,174060000+(L92-500000000)*0.42,384060000+(L92-1000000000)*0.45))))))) -> 4622290 | N92: =MIN(IF(M92<=1300000,M92*0.55,715000+(M92-1300000)*0.3),IF(F92<=33000000,740000,IF(F92<=70000000,MAX(660000,740000-(F92-33000000)*0.008),MAX(500000,660000-(F92-70000000)*0.5)))) -> 660000 | O92: =MAX(0,M92-N92) -> 3962290 | P92: =TRUNC(O92/12,-1) -> 330190 | Q92: =TRUNC(P92*요율기준!$B$12,-1) -> 33010 | R92: =P92+Q92 -> 363200
